year,collecting_dat_m/dd/yyyy,plot,management,climate,species,individual,capsel,Seed_count,unviable,status,herbivory,ripe,comments,unviable_seeds,edge_of_plot,sepcific_comment,
2018,4/27/2018,1_1,mowing,ambient,Ant_odo,1,1,77,,,,,,,,,
2018,4/27/2018,1_1,mowing,ambient,Ant_odo,2,1,62,,,,,,,,,
2018,4/27/2018,1_3,grazing,ambient,Ant_odo,1,1,57,,,,,,,,,
2018,4/27/2018,1_3,grazing,ambient,Ant_odo,2,1,85,,,,,,,,,
2018,4/27/2018,10_1,grazing,ambient,Ant_odo,1,1,77,,,,,,,,,
2018,4/27/2018,10_1,grazing,ambient,Ant_odo,2,1,52,,,,,,,,,
2018,4/27/2018,10_2,mowing,ambient,Ant_odo,1,1,60,,,,,,,,,
2018,4/27/2018,10_2,mowing,ambient,Ant_odo,2,1,90,,,,,,,,,
2018,4/27/2018,2_2,grazing,future,Ant_odo,2,1,47,,,,,,,,,
2018,4/27/2018,2_2,grazing,future,Ant_odo,1,1,49,,,,,,,,,
2018,4/27/2018,2_5,mowing,future,Ant_odo,2,1,89,,,,,,,,,
2018,4/27/2018,2_5,mowing,future,Ant_odo,1,1,69,,,,,,,,,
2018,4/27/2018,3_4,mowing,ambient,Ant_odo,2,1,42,,,,,,,,,
2018,4/27/2018,3_4,mowing,ambient,Ant_odo,1,1,42,,,,,,,,,
2018,4/27/2018,3_5,grazing,ambient,Ant_odo,1,1,36,,,,,,,,,
2018,4/27/2018,3_5,grazing,ambient,Ant_odo,2,1,43,,,,,,,,,
2018,4/27/2018,4_4,mowing,future,Ant_odo,1,1,40,,,,,,,,,
2018,4/27/2018,4_4,mowing,future,Ant_odo,2,1,78,,,,,,,,,
2018,4/27/2018,4_5,grazing,future,Ant_odo,2,1,44,,,,,,,,,
2018,4/27/2018,4_5,grazing,future,Ant_odo,1,1,84,,,,,,,,,
2018,4/27/2018,5_4,grazing,ambient,Ant_odo,2,1,40,,,,,,,,,
2018,4/27/2018,5_4,grazing,ambient,Ant_odo,1,1,70,,,,,,,,,
2018,4/27/2018,5_5,mowing,ambient,Ant_odo,2,1,45,,,,,,,,,
2018,4/27/2018,5_5,mowing,ambient,Ant_odo,1,1,85,,,,,,,,,
2018,4/27/2018,6_1,grazing,future,Ant_odo,2,1,42,,,,,,,,,
2018,4/27/2018,6_1,grazing,future,Ant_odo,1,1,32,,,,,,,,,
2018,4/27/2018,6_3,mowing,future,Ant_odo,2,1,75,,,,,,,,,
2018,4/27/2018,6_3,mowing,future,Ant_odo,1,1,47,,,,,,,,,
2018,4/27/2018,7_2,mowing,future,Ant_odo,1,1,67,,,,,,,,,
2018,4/27/2018,7_2,mowing,future,Ant_odo,2,1,91,,,,,,,,,
2018,4/27/2018,7_3,grazing,future,Ant_odo,2,1,63,,,,,,,,,
2018,4/27/2018,7_3,grazing,future,Ant_odo,1,1,67,,,,,,,,,
2018,4/27/2018,8_2,grazing,ambient,Ant_odo,1,1,24,,,,,,,,,
2018,4/27/2018,8_2,grazing,ambient,Ant_odo,2,1,38,,,,,,,,,
2018,4/27/2018,8_3,mowing,ambient,Ant_odo,2,1,76,,,,,,,,,
2018,4/27/2018,8_3,mowing,ambient,Ant_odo,1,1,35,,,,,,,,,
2018,4/27/2018,9_1,mowing,future,Ant_odo,1,1,27,,,,,,,,,
2018,4/27/2018,9_1,mowing,future,Ant_odo,2,1,84,,,,,,,,,
2018,4/27/2018,9_4,grazing,future,Ant_odo,2,1,44,,,,,,,,,
2018,4/27/2018,9_4,grazing,future,Ant_odo,1,1,54,,,,,,,,,
2019,5/2/2019,1_1,mowing,ambient,Ant_odo,2,,40,,,,,,,,,
2019,5/2/2019,1_1,mowing,ambient,Ant_odo,1,,26,,,,,dried_out_at_bottom_seeds_fallen_out?,,,,
2019,5/2/2019,1_3,grazing,ambient,Ant_odo,2,,39,,,,,,,,,
2019,5/2/2019,1_3,grazing,ambient,Ant_odo,1,,42,,,,,,,,,
2019,5/2/2019,10_1,grazing,ambient,Ant_odo,2,,30,,,,,,,,,
2019,5/2/2019,10_1,grazing,ambient,Ant_odo,1,,46,,,,,,,,,
2019,5/2/2019,10_2,mowing,ambient,Ant_odo,1,,32,,,,,,,,,
2019,5/2/2019,10_2,mowing,ambient,Ant_odo,2,,39,,,,,,,,,
2019,5/2/2019,2_2,grazing,future,Ant_odo,2,,49,,,,,,,,,
2019,5/2/2019,2_2,grazing,future,Ant_odo,1,,37,,,,,,,,,
2019,5/2/2019,2_5,mowing,future,Ant_odo,2,,36,,,,,,,,,
2019,5/2/2019,2_5,mowing,future,Ant_odo,1,,41,,,,,,,,,
2019,5/2/2019,3_4,mowing,ambient,Ant_odo,1,,45,,,,,,,,,
2019,5/2/2019,3_4,mowing,ambient,Ant_odo,2,,24,,,,,,,,,
2019,5/2/2019,3_5,grazing,ambient,Ant_odo,2,,24,,,,,,,,,
2019,5/2/2019,3_5,grazing,ambient,Ant_odo,1,,29,,,,,,,,,
2019,5/2/2019,4_4,mowing,future,Ant_odo,2,,21,,,,,,,,,
2019,5/2/2019,4_4,mowing,future,Ant_odo,1,,33,,,,,,,,,
2019,5/2/2019,4_5,grazing,future,Ant_odo,2,,27,,,,,,,,,
2019,5/2/2019,4_5,grazing,future,Ant_odo,1,,50,,,,,,,,,
2019,5/2/2019,5_4,grazing,ambient,Ant_odo,1,,40,,,,,,,,,
2019,5/2/2019,5_4,grazing,ambient,Ant_odo,2,,20,,,,,,,,,
2019,5/2/2019,5_5,mowing,ambient,Ant_odo,2,,36,,,,,,,,,
2019,5/2/2019,5_5,mowing,ambient,Ant_odo,1,,26,,,,,,,,,
2019,5/2/2019,6_1,grazing,future,Ant_odo,2,,27,,,,,,,,,
2019,5/2/2019,6_1,grazing,future,Ant_odo,1,,50,,,,,,,,,
2019,5/2/2019,6_3,mowing,future,Ant_odo,1,,28,,,,,,,,,
2019,5/2/2019,6_3,mowing,future,Ant_odo,2,,21,,,,,dried_out_at_bottom_5_seeds_fallen_out?,,,,
2019,5/2/2019,7_3,grazing,future,Ant_odo,1,,38,,,,,Plot_7_4?,,,,
2019,5/2/2019,7_3,grazing,future,Ant_odo,2,,46,,,,,Plot_7_4?,,,,
2019,5/2/2019,7_3,grazing,future,Ant_odo,1,,31,,,,,,,,,
2019,5/2/2019,7_3,grazing,future,Ant_odo,2,,30,,,,,,,,,
2019,5/2/2019,8_2,grazing,ambient,Ant_odo,1,,37,,,,,,,,,
2019,5/2/2019,8_2,grazing,ambient,Ant_odo,2,,38,,,,,,,,,
2019,5/2/2019,8_3,mowing,ambient,Ant_odo,1,,34,,,,,,,,,
2019,5/2/2019,8_3,mowing,ambient,Ant_odo,2,,41,,,,,,,,,
2019,5/2/2019,9_1,mowing,future,Ant_odo,2,,76,,,,,,,,,
2019,5/2/2019,9_1,mowing,future,Ant_odo,1,,51,,,,,,,,,
2019,5/2/2019,9_4,grazing,future,Ant_odo,2,,45,,,,,,,,,
2019,5/2/2019,9_4,grazing,future,Ant_odo,1,,46,,,,,,,,,
2020,6/3/2020,1_1,mowing,ambient,Ant_odo,1,,27,,,,,vom Rand,,,,
2020,6/3/2020,1_1,mowing,ambient,Ant_odo,2,,17,,,,,vom Rand,,,,
2020,6/3/2020,2_5,mowing,future,Ant_odo,,,19,,,,,,,,,
2020,6/2/2020,3_4,mowing,ambient,Ant_odo,1,,25,,,,,,,,,
2020,6/2/2020,3_4,mowing,ambient,Ant_odo,2,,44,,,,,,,,,
2020,6/2/2020,4_4,mowing,future,Ant_odo,1,,48,,,,,,,,,
2020,6/2/2020,4_4,mowing,future,Ant_odo,2,,25,,,,,,,,,
2020,6/2/2020,8_3,mowing,ambient,Ant_odo,1,,49,,,,,,,,,
2020,6/2/2020,8_3,mowing,ambient,Ant_odo,2,,37,,,,,,,,,
2020,6/2/2020,9_1,mowing,future,Ant_odo,1,,28,,,,,vom Rand,,,,
2020,6/2/2020,9_1,mowing,future,Ant_odo,2,,39,,,,,vom Rand,,,,
2020,6/2/2020,10_2,mowing,ambient,Ant_odo,,,24,,,,,,,,,
2020,6/9/2020,1_3,grazing,ambient,Ant_odo,1,,22,,,,,An der Wetterstation,,,,
2020,6/9/2020,1_3,grazing,ambient,Ant_odo,2,,20,,,,,An der Wetterstation,,,,
2020,6/9/2020,1_3,grazing,ambient,Ant_odo,3,,19,,,,,,,,,
2020,6/9/2020,6_1,grazing,future,Ant_odo,1,,23,,,,,,,,,
2020,6/9/2020,6_1,grazing,future,Ant_odo,2,,10,,,,,,,,,
2020,6/9/2020,9_4,grazing,future,Ant_odo,1,,0,,,,,,,,,
2018,5/2/2018,1_1,mowing,ambient,Bro_ere,1,1,50,,,,,,,,,
2018,5/2/2018,1_1,mowing,ambient,Bro_ere,2,1,82,,,,,,,,,
2018,5/2/2018,1_3,grazing,ambient,Bro_ere,1,1,124,,,,,,,,,
2018,5/2/2018,1_3,grazing,ambient,Bro_ere,2,1,114,,,,,,,,,
2018,5/2/2018,10_1,grazing,ambient,Bro_ere,3,1,42,,,,,,,,,
2018,5/2/2018,10_1,grazing,ambient,Bro_ere,1,1,114,,,,,,,,,
2018,5/2/2018,10_1,grazing,ambient,Bro_ere,2,1,94,,,,,,,,,
2018,5/2/2018,10_2,mowing,ambient,Bro_ere,1,1,70,,,,,,,,,
2018,5/2/2018,10_2,mowing,ambient,Bro_ere,2,1,129,,,,,,,,,
2018,5/2/2018,2_2,grazing,future,Bro_ere,3,1,96,,,,,,,,,
2018,5/2/2018,2_2,grazing,future,Bro_ere,2,1,128,,,,,,,,,
2018,5/2/2018,2_2,grazing,future,Bro_ere,1,1,114,,,,,,,,,
2018,5/2/2018,2_5,mowing,future,Bro_ere,2,1,50,,,,,,,,,
2018,5/2/2018,2_5,mowing,future,Bro_ere,1,1,60,,,,,,,,,
2018,5/2/2018,3_4,mowing,ambient,Bro_ere,1,1,49,,,,,,,,,
2018,5/2/2018,3_4,mowing,ambient,Bro_ere,2,1,63,,,,,,,,,
2018,5/2/2018,4_4,mowing,future,Bro_ere,1,1,74,,,,,,,,,
2018,5/2/2018,4_4,mowing,future,Bro_ere,2,1,115,,,,,,,,,
2018,5/2/2018,5_5,mowing,ambient,Bro_ere,1,1,78,,,,,,,,,
2018,5/2/2018,5_5,mowing,ambient,Bro_ere,2,1,55,,,,,,,,,
2018,5/2/2018,6_1,grazing,future,Bro_ere,2,1,105,,,,,,,,,
2018,5/2/2018,6_1,grazing,future,Bro_ere,1,1,91,,,,,,,,,
2018,5/2/2018,6_1,grazing,future,Bro_ere,3,1,114,,,,,,,,,
2018,5/2/2018,6_3,mowing,future,Bro_ere,1,1,129,,,,,,,,,
2018,5/2/2018,6_3,mowing,future,Bro_ere,2,1,62,,,,,,,,,
2018,5/2/2018,7_2,mowing,future,Bro_ere,1,1,127,,,,,,,,,
2018,5/2/2018,7_2,mowing,future,Bro_ere,2,2,45,,,,,,,,,
2018,5/2/2018,7_3,grazing,future,Bro_ere,2,1,83,,,,,,,,,
2018,5/2/2018,7_3,grazing,future,Bro_ere,1,1,127,,,,,,,,,
2018,5/2/2018,7_3,grazing,future,Bro_ere,3,1,118,,,,,,,,,
2018,5/2/2018,8_2,grazing,ambient,Bro_ere,3,1,62,,,,,,,,,
2018,5/2/2018,8_2,grazing,ambient,Bro_ere,1,1,66,,,,,,,,,
2018,5/2/2018,8_2,grazing,ambient,Bro_ere,2,1,103,,,,,,,,,
2018,5/2/2018,8_3,mowing,ambient,Bro_ere,2,1,49,,,,,,,,,
2018,5/2/2018,8_3,mowing,ambient,Bro_ere,1,1,64,,,,,,,,,
2018,5/2/2018,9_1,mowing,future,Bro_ere,2,1,74,,,,,,,,,
2018,5/2/2018,9_1,mowing,future,Bro_ere,1,1,76,,,,,,,,,
2018,5/2/2018,9_4,grazing,future,Bro_ere,1,1,121,,,,,,,,,
2018,5/2/2018,9_4,grazing,future,Bro_ere,3,1,51,,,,,,,,,
2018,5/2/2018,9_4,grazing,future,Bro_ere,2,1,92,,,,,,,,,
2019,6/6/2019,1_1,mowing,ambient,Bro_ere,1,,74,,,,,,,,,
2019,6/6/2019,1_1,mowing,ambient,Bro_ere,2,,160,,,,,,,,,
2019,6/6/2019,1_3,grazing,ambient,Bro_ere,2,,110,,,,,,,,,
2019,6/6/2019,1_3,grazing,ambient,Bro_ere,1,,127,,,,,,,,,
2019,6/6/2019,10_1,grazing,ambient,Bro_ere,1,,168,,,,,,,,,
2019,6/6/2019,10_1,grazing,ambient,Bro_ere,2,,101,,,,,,,,,
2019,6/6/2019,10_2,mowing,ambient,Bro_ere,1,,67,,,,,,,,,
2019,6/6/2019,10_2,mowing,ambient,Bro_ere,2,,101,,,,,2_shoots_maybe_2_Indiv,,,,
2019,6/6/2019,2_2,grazing,future,Bro_ere,2,,98,,,,,,,,,
2019,6/6/2019,2_2,grazing,future,Bro_ere,1,,93,,,,,,,,,
2019,6/6/2019,2_5,mowing,future,Bro_ere,2,,61,,,,,,,,,
2019,6/6/2019,2_5,mowing,future,Bro_ere,1,,119,,,,,,,,,
2019,6/6/2019,3_4,mowing,ambient,Bro_ere,2,,154,,,,,,,,,
2019,6/6/2019,3_4,mowing,ambient,Bro_ere,1,,94,,,,,,,,,
2019,6/6/2019,3_5,grazing,ambient,Bro_ere,2,,94,,,,,,,,,
2019,6/6/2019,3_5,grazing,ambient,Bro_ere,1,,93,,,,,,,,,
2019,6/6/2019,4_4,mowing,future,Bro_ere,1,,131,,,,,,,,,
2019,6/6/2019,4_4,mowing,future,Bro_ere,2,,132,,,,,,,,,
2019,6/6/2019,4_5,grazing,future,Bro_ere,2,,137,,,,,,,,,
2019,6/6/2019,4_5,grazing,future,Bro_ere,1,,133,,,,,,,,,
2019,6/6/2019,5_4,grazing,ambient,Bro_ere,2,,83,,,,,,,,,
2019,6/6/2019,5_4,grazing,ambient,Bro_ere,1,,72,,,,,,,,,
2019,6/6/2019,5_5,mowing,ambient,Bro_ere,1,,164,,,,,,,,,
2019,6/6/2019,5_5,mowing,ambient,Bro_ere,2,,82,,,,,,,,,
2019,6/6/2019,6_1,grazing,future,Bro_ere,1,,106,,,,,,,,,
2019,6/6/2019,6_1,grazing,future,Bro_ere,2,,62,,,,,,,,,
2019,6/6/2019,6_3,mowing,future,Bro_ere,1,,103,,,,,,,,,
2019,6/6/2019,7_2,mowing,future,Bro_ere,1,,88,,,,,,,,,
2019,6/6/2019,7_2,mowing,future,Bro_ere,2,,75,,,,,,,,,
2019,6/6/2019,7_3,grazing,future,Bro_ere,1,,115,,,,,,,,,
2019,6/6/2019,7_3,grazing,future,Bro_ere,2,,138,,,,,,,,,
2019,6/6/2019,8_2,grazing,ambient,Bro_ere,1,,140,,,,,,,,,
2019,6/6/2019,8_2,grazing,ambient,Bro_ere,2,,120,,,,,,,,,
2019,6/6/2019,8_3,mowing,ambient,Bro_ere,1,,122,,,,,,,,,
2019,6/6/2019,8_3,mowing,ambient,Bro_ere,2,,150,,,,,,,,,
2019,6/6/2019,9_1,mowing,future,Bro_ere,1,,97,,,,,,,,,
2019,6/6/2019,9_1,mowing,future,Bro_ere,2,,109,,,,,,,,,
2019,6/6/2019,9_4,grazing,future,Bro_ere,1,,82,,,,,,,,,
2019,6/6/2019,9_4,grazing,future,Bro_ere,2,,160,,,,,,,,,
2020,6/3/2020,1_1,mowing,ambient,Bro_ere,1,,23,48,,,,,,,,
2020,6/3/2020,1_1,mowing,ambient,Bro_ere,2,,59,34,,,,,,,,
2020,6/3/2020,2_5,mowing,future,Bro_ere,1,,40,22,,,,,,,,
2020,6/3/2020,2_5,mowing,future,Bro_ere,2,,20,81,,,,,,,,
2020,6/2/2020,3_4,mowing,ambient,Bro_ere,2,,68,29,,,,,,,,
2020,6/2/2020,3_4,mowing,ambient,Bro_ere,1,,29,58,,,,,,,,
2020,6/2/2020,4_4,mowing,future,Bro_ere,1,,34,83,,,,,,,,
2020,6/2/2020,4_4,mowing,future,Bro_ere,2,,4,19,,,,,,,,
2020,6/2/2020,5_5,mowing,ambient,Bro_ere,1,,27,94,,,,,,,,
2020,6/2/2020,5_5,mowing,ambient,Bro_ere,2,,0,76,,,,,,,,
2020,6/2/2020,6_3,mowing,future,Bro_ere,1,,2,111,,,,,,,,
2020,6/2/2020,6_3,mowing,future,Bro_ere,2,,25,32,,,,,,,,
2020,6/2/2020,7_2,mowing,future,Bro_ere,1,,3,42,,,,,,,,
2020,6/2/2020,7_2,mowing,future,Bro_ere,2,,2,75,,,,,,,,
2020,6/2/2020,8_3,mowing,ambient,Bro_ere,1,,0,84,,,,,,,,
2020,6/2/2020,8_3,mowing,ambient,Bro_ere,2,,31,40,,,,,,,,
2020,6/2/2020,9_1,mowing,future,Bro_ere,1,,52,50,,,,,,,,
2020,6/2/2020,9_1,mowing,future,Bro_ere,2,,4,95,,,,,,,,
2020,6/2/2020,10_2,mowing,ambient,Bro_ere,1,,0,51,,,,,,,,
2020,6/2/2020,10_2,mowing,ambient,Bro_ere,2,,0,84,,,,,,,,
2020,6/9/2020,1_3,grazing,ambient,Bro_ere,1,,32,20,,,,,,,,
2020,6/9/2020,1_3,grazing,ambient,Bro_ere,2,,31,40,,,,,,,,
2020,6/9/2020,2_2,grazing,future,Bro_ere,1,,12,31,,,,,,,,
2020,6/9/2020,2_2,grazing,future,Bro_ere,2,,8,19,,,,,,,,
2020,6/9/2020,3_5,grazing,ambient,Bro_ere,1,,17,32,,,,,,,,
2020,6/9/2020,3_5,grazing,ambient,Bro_ere,2,,20,13,,,,,,,,
2020,6/9/2020,4_5,grazing,future,Bro_ere,1,,14,32,,,,,,,,
2020,6/9/2020,4_5,grazing,future,Bro_ere,2,,22,11,,,,,,,,
2020,6/9/2020,5_4,grazing,ambient,Bro_ere,1,,19,13,,,,,,,,
2020,6/9/2020,5_4,grazing,ambient,Bro_ere,2,,27,24,,,,,,,,
2020,6/9/2020,6_1,grazing,future,Bro_ere,1,,14,19,,,,,,,,
2020,6/9/2020,6_1,grazing,future,Bro_ere,2,,19,18,,,,,,,,
2020,6/9/2020,7_3,grazing,future,Bro_ere,1,,31,13,,,,,,,,
2020,6/9/2020,7_3,grazing,future,Bro_ere,2,,33,4,,,,,,,,
2020,6/9/2020,8_2,grazing,ambient,Bro_ere,1,,35,24,,,,,,,,
2020,6/9/2020,8_2,grazing,ambient,Bro_ere,2,,,,,,,Tüte leer,,,,
2020,6/9/2020,9_4,grazing,future,Bro_ere,1,,8,46,,,,,,,,
2020,6/9/2020,9_4,grazing,future,Bro_ere,2,,4,51,,,,,,,,
2020,6/9/2020,10_1,grazing,ambient,Bro_ere,1,,13,31,,,,,,,,
2020,6/9/2020,10_1,grazing,ambient,Bro_ere,2,,29,42,,,,,,,,
2021,6/2/2021,1_1,mowing,ambient,Bro_ere,1,,0,118,,0,0,not one ripe seed only flowers,,,,
2021,6/2/2021,1_3,grazing,ambient,Bro_ere,1,,0,71,,0,0,not one ripe seed only flowers,,,,
2021,6/2/2021,1_3,grazing,ambient,Bro_ere,2,,0,110,,0,0,not one ripe seed only flowers,,,,
2021,6/2/2021,10_1,grazing,ambient,Bro_ere,2,,0,79,,0,0,not one ripe seed only flowers,,,,
2021,6/2/2021,10_1,grazing,ambient,Bro_ere,1,,0,85,,0,0,not one ripe seed only flowers,,,,
2021,6/2/2021,10_2,mowing,ambient,Bro_ere,2,,0,46,,0,0,not one ripe seed only flowers,,,,
2021,6/21/2021,10_2,mowing,ambient,Bro_ere,1,,0,38,,0,0,not one ripe seed only flowers,,,,
2021,6/2/2021,2_2,grazing,future,Bro_ere,2,,0,43,,0,0,not one ripe seed only flowers,,,,
2021,6/2/2021,2_2,grazing,future,Bro_ere,1,,0,119,,0,0,not one ripe seed only flowers,,,,
2021,6/2/2021,2_5,mowing,future,Bro_ere,1,,0,81,,0,0,not one ripe seed only flowers,,,,
2021,6/2/2021,2_5,mowing,future,Bro_ere,2,,0,155,,0,0,not one ripe seed only flowers,,,,
2021,6/2/2021,3_4,mowing,ambient,Bro_ere,2,,0,43,,0,0,not one ripe seed only flowers,,,,
2021,6/2/2021,3_4,mowing,ambient,Bro_ere,1,,0,102,,0,0,not one ripe seed only flowers,,,,
2021,6/2/2021,3_5,grazing,ambient,Bro_ere,1,,0,47,,0,0,not one ripe seed only flowers,,,,
2021,6/2/2021,3_5,grazing,ambient,Bro_ere,2,,0,139,,0,0,not one ripe seed only flowers,,,,
2021,6/2/2021,4_4,mowing,future,Bro_ere,2,,0,52,,0,0,not one ripe seed only flowers,,,,
2021,6/2/2021,4_4,mowing,future,Bro_ere,1,,0,47,,0,0,not one ripe seed only flowers,,,,
2021,6/2/2021,4_5,grazing,future,Bro_ere,1,,0,85,,0,0,not one ripe seed only flowers,,,,
2021,6/2/2021,4_5,grazing,future,Bro_ere,2,,0,87,,0,0,not one ripe seed only flowers,,,,
2021,6/2/2021,5_4,grazing,ambient,Bro_ere,1,,0,115,,0,0,not one ripe seed only flowers,,,,
2021,6/2/2021,5_4,grazing,ambient,Bro_ere,2,,0,89,,0,0,not one ripe seed only flowers,,,,
2021,6/2/2021,5_5,mowing,ambient,Bro_ere,1,,0,69,,0,0,not one ripe seed only flowers,,,,
2021,6/2/2021,5_5,mowing,ambient,Bro_ere,2,,0,59,,0,0,not one ripe seed only flowers,,,,
2021,6/2/2021,6_1,grazing,future,Bro_ere,1,,0,81,,0,0,not one ripe seed only flowers,,,,
2021,6/2/2021,6_1,grazing,future,Bro_ere,2,,0,92,,0,0,not one ripe seed only flowers,,,,
2021,6/2/2021,6_3,mowing,future,Bro_ere,2,,0,54,,0,0,not one ripe seed only flowers,,,,
2021,6/2/2021,6_3,mowing,future,Bro_ere,1,,0,85,,0,0,not one ripe seed only flowers,,,,
2021,6/2/2021,7_2,mowing,future,Bro_ere,1,,0,58,,0,0,not one ripe seed only flowers,,,,
2021,6/2/2021,7_2,mowing,future,Bro_ere,2,,0,47,,0,0,not one ripe seed only flowers,,,,
2021,6/2/2021,7_3,grazing,future,Bro_ere,2,,0,74,,0,0,not one ripe seed only flowers,,,,
2021,6/2/2021,7_3,grazing,future,Bro_ere,1,,0,64,,0,0,not one ripe seed only flowers,,,,
2021,6/2/2021,8_2,grazing,ambient,Bro_ere,2,,0,48,,0,0,not one ripe seed only flowers,,,,
2021,6/2/2021,8_2,grazing,ambient,Bro_ere,1,,0,51,,0,0,not one ripe seed only flowers,,,,
2021,6/2/2021,8_3,mowing,ambient,Bro_ere,2,,0,50,,0,0,not one ripe seed only flowers,,,,
2021,6/2/2021,8_3,mowing,ambient,Bro_ere,1,,0,85,,0,0,not one ripe seed only flowers,,,,
2021,6/7/2021,9_1,mowing,future,Bro_ere,2,,0,31,,0,0,not one ripe seed only flowers,,,,
2021,6/2/2021,9_1,mowing,future,Bro_ere,1,,0,46,,0,0,not one ripe seed only flowers,,,,
2021,6/2/2021,9_1,mowing,future,Bro_ere,2,,0,54,,0,0,not one ripe seed only flowers,,,,
2021,6/2/2021,9_4,grazing,future,Bro_ere,1,,0,54,,0,0,not one ripe seed only flowers,,,,
2021,6/2/2021,9_4,grazing,future,Bro_ere,2,,0,56,,0,0,not one ripe seed only flowers,,,,
2018,8/16/2018,1_1,mowing,ambient,Cre_bie,2,1,59,,,,,,,,,
2018,8/16/2018,1_1,mowing,ambient,Cre_bie,1,1,58,,,,,,,,,
2018,8/16/2018,1_3,grazing,ambient,Cre_bie,1,1,55,,,,,,,,,
2018,8/16/2018,1_3,grazing,ambient,Cre_bie,2,1,44,,,,,,,,,
2018,8/16/2018,10_1,grazing,ambient,Cre_bie,2,1,60,,,,,,,,,
2018,8/16/2018,10_1,grazing,ambient,Cre_bie,1,1,40,,,,,,,,,
2018,8/16/2018,10_2,mowing,ambient,Cre_bie,1,1,45,,,,,,,,,
2018,8/16/2018,10_2,mowing,ambient,Cre_bie,2,1,49,,,,,,,,,
2018,8/16/2018,10_2,mowing,ambient,Cre_bie,1,1,58,,,,,,,,,
2018,8/16/2018,10_2,mowing,ambient,Cre_bie,2,1,56,,,,,,,,,
2018,8/16/2018,2_2,grazing,future,Cre_bie,1,1,42,,,,,,,,,
2018,8/16/2018,2_2,grazing,future,Cre_bie,2,1,45,,,,,,,,,
2018,8/16/2018,2_5,mowing,future,Cre_bie,1,1,46,,,,,,,,,
2018,8/16/2018,2_5,mowing,future,Cre_bie,2,1,59,,,,,,,,,
2018,8/16/2018,3_4,mowing,ambient,Cre_bie,1,1,58,,,,,,,,,
2018,8/16/2018,3_4,mowing,ambient,Cre_bie,2,1,50,,,,,,,,,
2018,8/16/2018,3_5,grazing,ambient,Cre_bie,1,1,52,,,,,,,,,
2018,8/16/2018,3_5,grazing,ambient,Cre_bie,2,1,41,,,,,,,,,
2018,8/16/2018,4_4,mowing,future,Cre_bie,1,1,53,,,,,,,,,
2018,8/16/2018,4_4,mowing,future,Cre_bie,2,1,60,,,,,,,,,
2018,8/16/2018,4_5,grazing,future,Cre_bie,2,1,38,,,,,,,,,
2018,8/16/2018,4_5,grazing,future,Cre_bie,1,1,47,,,,,,,,,
2018,8/16/2018,5_4,grazing,ambient,Cre_bie,1,1,52,,,,,,,,,
2018,8/16/2018,5_4,grazing,ambient,Cre_bie,2,1,32,,,,,,,,,
2018,8/16/2018,5_5,mowing,ambient,Cre_bie,2,1,52,,,,,,,,,
2018,8/16/2018,5_5,mowing,ambient,Cre_bie,1,1,45,,,,,,,,,
2018,8/16/2018,6_1,grazing,future,Cre_bie,2,1,50,,,,,,,,,
2018,8/16/2018,6_1,grazing,future,Cre_bie,1,1,32,,,,,,,,,
2018,8/16/2018,6_3,mowing,future,Cre_bie,2,1,61,,,,,,,,,
2018,8/16/2018,6_3,mowing,future,Cre_bie,2,1,42,,,,,,,,,
2018,8/16/2018,7_2,mowing,future,Cre_bie,2,1,60,,,,,,,,,
2018,8/16/2018,7_2,mowing,future,Cre_bie,1,1,45,,,,,,,,,
2018,8/16/2018,7_3,grazing,future,Cre_bie,1,1,49,,,,,,,,,
2018,8/16/2018,7_3,grazing,future,Cre_bie,2,1,54,,,,,,,,,
2018,8/16/2018,8_2,grazing,ambient,Cre_bie,1,1,52,,,,,,,,,
2018,8/16/2018,8_2,grazing,ambient,Cre_bie,2,1,51,,,,,,,,,
2018,8/16/2018,8_3,mowing,ambient,Cre_bie,1,1,51,,,,,,,,,
2018,8/16/2018,8_3,mowing,ambient,Cre_bie,2,1,44,,,,,,,,,
2018,8/16/2018,9_1,mowing,future,Cre_bie,2,1,27,,,,,,,,,
2018,8/16/2018,9_1,mowing,future,Cre_bie,1,1,51,,,,,,,,,
2018,8/16/2018,9_4,grazing,future,Cre_bie,1,1,31,,,,,,,,,
2018,8/16/2018,9_4,grazing,future,Cre_bie,2,1,62,,,,,,,,,
2019,2/8/2019,1_1,mowing,ambient,Cre_bie,2,,48,,,,,,,,,
2019,2/8/2019,1_1,mowing,ambient,Cre_bie,1,,55,,,,,,,,,
2019,2/8/2019,1_1,mowing,ambient,Cre_bie,3,,46,,,,,,,,,
2019,2/8/2019,1_3,grazing,ambient,Cre_bie,2,,44,,,,,teilweise kleine Samen,,,,
2019,2/8/2019,1_3,grazing,ambient,Cre_bie,1,,57,,,,,,,,,
2019,2/8/2019,10_1,grazing,ambient,Cre_bie,1,,32,,,,,,,1,,
2019,2/8/2019,10_1,grazing,ambient,Cre_bie,2,,31,,,,,,,,,
2019,2/8/2019,10_2,mowing,ambient,Cre_bie,2,,53,,,,,,,,,
2019,2/8/2019,10_2,mowing,ambient,Cre_bie,1,,24,,,,,,,,,
2019,2/8/2019,2_2,grazing,future,Cre_bie,1,,50,,,,,,,1,,
2019,2/8/2019,2_5,mowing,future,Cre_bie,1,,62,,,,,,,,,
2019,2/8/2019,2_5,mowing,future,Cre_bie,2,,52,,,,,,,1,,
2019,2/8/2019,3_4,mowing,ambient,Cre_bie,1,,72,,,,,,,,,
2019,2/8/2019,3_4,mowing,ambient,Cre_bie,2,,38,,,,,,,,,
2019,2/8/2019,3_5,grazing,ambient,Cre_bie,1,,58,,,,,,,1,,
2019,2/8/2019,4_4,mowing,future,Cre_bie,2,,54,,,,,,,1,,
2019,2/8/2019,4_4,mowing,future,Cre_bie,1,,41,,,,,ganz kleine nicht mitgezählt,,,,
2019,2/8/2019,4_5,grazing,future,Cre_bie,2,,56,,,,,,,1,,
2019,2/8/2019,4_5,grazing,future,Cre_bie,1,,61,,,,,,,1,,
2019,2/8/2019,4_5,grazing,future,Cre_bie,3,,29,,,,,,,,,
2019,2/8/2019,5_4,grazing,ambient,Cre_bie,2,,42,,,,,,,,,
2019,2/8/2019,5_4,grazing,ambient,Cre_bie,1,,72,,,,,,,1,,
2019,2/8/2019,5_5,mowing,ambient,Cre_bie,1,,39,,,,,,,,,
2019,2/8/2019,5_5,mowing,ambient,Cre_bie,2,,71,,,,,"teilweise kleine Samen,davon größere mitgezählt",,,,
2019,2/8/2019,6_1,grazing,future,Cre_bie,1,,30,,,,,fast alle Samen sehr klein & schwarz,,,,
2019,2/8/2019,6_1,grazing,future,Cre_bie,2,,44,,,,,,,,,
2019,2/8/2019,6_3,mowing,future,Cre_bie,1,,49,,,,,,,,,
2019,2/8/2019,6_3,mowing,future,Cre_bie,2,,65,,,,,,,,,
2019,2/8/2019,6_3,mowing,future,Cre_bie,3,,43,,,,,,,,,
2019,2/8/2019,7_2,mowing,future,Cre_bie,1,,58,,,,,,,,,
2019,2/8/2019,7_2,mowing,future,Cre_bie,2,,36,,,,,,,,,
2019,2/8/2019,7_3,grazing,future,Cre_bie,2,,47,,,,,,,,,
2019,2/8/2019,7_3,grazing,future,Cre_bie,1,,44,,,,,,,,,
2019,2/8/2019,8_2,grazing,ambient,Cre_bie,1,,45,,,,,,,1,,
2019,2/8/2019,8_2,grazing,ambient,Cre_bie,2,,49,,,,,,,1,,
2019,2/8/2019,8_3,mowing,ambient,Cre_bie,2,,49,,,,,,,,,
2019,2/8/2019,8_3,mowing,ambient,Cre_bie,1,,73,,,,,,,1,,
2019,2/8/2019,9_1,mowing,future,Cre_bie,2,,39,,,,,,,,,
2019,2/8/2019,9_1,mowing,future,Cre_bie,1,,42,,,,,,,,,
2019,2/8/2019,9_4,grazing,future,Cre_bie,1,,44,,,,,,,,,
2019,2/8/2019,9_4,grazing,future,Cre_bie,2,,42,,,,,,,1,,
2020,8/10/2020,6_3,mowing,future,Cre_bie,1,,67,,,,,,,,,
2020,8/10/2020,6_3,mowing,future,Cre_bie,2,,57,,,,,,,,,
2020,8/11/2020,8_3,mowing,ambient,Cre_bie,2,,31,,,,,,,,,
2020,8/11/2020,8_3,mowing,ambient,Cre_bie,1,,46,,,,,,,,,
2020,8/11/2020,2_5,mowing,future,Cre_bie,1,,27,,,,,,,,,
2020,8/11/2020,2_5,mowing,future,Cre_bie,2,,62,,,,,,,,,
2020,8/11/2020,1_1,mowing,ambient,Cre_bie,1,,48,,,,,,,,,
2020,8/11/2020,1_1,mowing,ambient,Cre_bie,2,,57,,,,,,,,,
2020,8/11/2020,3_4,mowing,ambient,Cre_bie,1,,36,,,,,,,,,
2020,8/11/2020,3_4,mowing,ambient,Cre_bie,2,,39,,,,,,,,,
2020,8/11/2020,4_4,mowing,future,Cre_bie,1,,40,,,,,,,,,
2020,8/11/2020,4_4,mowing,future,Cre_bie,2,,26,,,,,,,,,
2020,8/11/2020,5_4,grazing,ambient,Cre_bie,1,,53,,,,,,,,,
2020,8/11/2020,5_4,grazing,ambient,Cre_bie,2,,42,,,,,,,,,
2020,8/11/2020,7_3,grazing,future,Cre_bie,1,,46,,,,,,,,,
2020,8/11/2020,8_2,grazing,ambient,Cre_bie,1,,31,,,,,,,,,
2020,8/11/2020,10_1,grazing,ambient,Cre_bie,1,,51,,,,,,,,,
2020,8/11/2020,10_1,grazing,ambient,Cre_bie,2,,34,,,,,,,,,
2020,8/11/2020,1_3,grazing,ambient,Cre_bie,1,,37,,,,,,,,,
2020,8/11/2020,9_1,mowing,future,Cre_bie,2,,56,,,,,,,,,
2020,8/11/2020,9_1,mowing,future,Cre_bie,1,,42,,,,,,,,,
2020,8/11/2020,10_2,mowing,ambient,Cre_bie,1,,31,,,,,,,,,
2020,8/11/2020,10_2,mowing,ambient,Cre_bie,2,,48,,,,,,,,,
2020,8/10/2020,5_5,mowing,ambient,Cre_bie,1,,21,,,,,,,,,
2020,8/10/2020,5_5,mowing,ambient,Cre_bie,2,,45,,,,,,,,,
2021,8/18/2021,7_3,grazing,future,Cre_bie,1,,39,0,,0,1,,,,,
2021,8/18/2021,10_1,grazing,ambient,Cre_bie,1,,56,0,,0,1,,,,,
2021,8/18/2021,7_3,grazing,future,Cre_bie,2,,31,0,,0,1,,,,,
2021,8/18/2021,9_4,grazing,future,Cre_bie,1,,46,0,,0,1,,,,,
2021,8/18/2021,3_5,grazing,ambient,Cre_bie,1,,36,0,,0,1,,,,,
2018,8/16/2018,1_1,mowing,ambient,Dia_car,1,1,30,,green,,,,,,,
2018,8/16/2018,1_1,mowing,ambient,Dia_car,1,2,20,,open,,,,,,,
2018,8/16/2018,1_1,mowing,ambient,Dia_car,1,3,6,,green,,,,,,,
2018,8/16/2018,1_1,mowing,ambient,Dia_car,2,1,59,,green,,,pretty_small_if_possible_kick_out,,,,
2018,8/16/2018,1_1,mowing,ambient,Dia_car,2,2,7,,green,,,,,,,
2018,8/16/2018,1_3,grazing,ambient,Dia_car,1,1,34,,green,,,pretty_small_if_possible_kick_out,,,,
2018,8/16/2018,1_3,grazing,ambient,Dia_car,1,2,26,,green,,,,,,,
2018,8/16/2018,1_3,grazing,ambient,Dia_car,1,3,NA,,flower,,,,,,,
2018,8/16/2018,1_3,grazing,ambient,Dia_car,2,1,7,,open,,,empty,,,,
2018,8/16/2018,1_3,grazing,ambient,Dia_car,2,2,30,,green,,,,,,,
2018,8/16/2018,1_3,grazing,ambient,Dia_car,2,3,NA,,flower,,,,,,,
2018,8/16/2018,10_1,grazing,ambient,Dia_car,1,1,20,,green,,,,,,,
2018,8/16/2018,10_1,grazing,ambient,Dia_car,1,2,21,,green,,,,,,,
2018,8/16/2018,10_1,grazing,ambient,Dia_car,1,3,NA,,flower,,,,,,,
2018,8/16/2018,10_1,grazing,ambient,Dia_car,1,4,NA,,flower,,,,,,,
2018,8/16/2018,10_1,grazing,ambient,Dia_car,2,1,0,,open,,,squeezed,,,,
2018,8/16/2018,10_1,grazing,ambient,Dia_car,2,2,NA,,immature,,,,,,,
2018,8/16/2018,10_1,grazing,ambient,Dia_car,2,3,NA,,immature,,,flower,,,,
2018,8/16/2018,10_1,grazing,ambient,Dia_car,2,4,3,,green,,,,,,,
2018,8/16/2018,10_1,grazing,ambient,Dia_car,2,5,32,,open,,,,,,,
2018,8/16/2018,10_1,grazing,ambient,Dia_car,2,6,NA,,immature,,,,,,,
2018,5/2/2018,10_2,mowing,ambient,Dia_car,3,1,42,,,,,,,,,
2018,5/2/2018,10_2,mowing,ambient,Dia_car,2,1,54,,,,,,,,,
2018,8/16/2018,10_2,mowing,ambient,Dia_car,1,1,4,,open,,,empty,,,,
2018,8/16/2018,10_2,mowing,ambient,Dia_car,1,2,42,,open,,,,,,,
2018,8/16/2018,10_2,mowing,ambient,Dia_car,1,3,6,,green,,,,,,,
2018,8/16/2018,10_2,mowing,ambient,Dia_car,1,4,20,,green,,,,,,,
2018,8/16/2018,10_2,mowing,ambient,Dia_car,1,5,2,,green,,,empty,,,,
2018,8/16/2018,10_2,mowing,ambient,Dia_car,2,1,17,,green,,,,,,,
2018,8/16/2018,10_2,mowing,ambient,Dia_car,2,2,13,,open,,,,,,,
2018,8/16/2018,10_2,mowing,ambient,Dia_car,2,3,48,,green,,,pretty_small_if_possible_kick_out,,,,
2018,5/2/2018,2_2,grazing,future,Dia_car,1,1,53,,,,,,,,,
2018,8/16/2018,2_2,grazing,future,Dia_car,2,1,14,,open,,,,,,,
2018,8/16/2018,2_2,grazing,future,Dia_car,2,2,10,,green,,,,,,,
2018,8/16/2018,2_2,grazing,future,Dia_car,2,3,20,,green,,,,,,,
2018,8/16/2018,2_2,grazing,future,Dia_car,1,1,52,,green,,,,,,,
2018,8/16/2018,2_2,grazing,future,Dia_car,1,2,35,,green,,,,,,,
2018,5/2/2018,2_5,mowing,future,Dia_car,1,1,39,,,,,,,,,
2018,5/2/2018,2_5,mowing,future,Dia_car,2,1,70,,,,,,,,,
2018,8/16/2018,2_5,mowing,future,Dia_car,2,1,15,,green,,,,,,,
2018,8/16/2018,2_5,mowing,future,Dia_car,2,2,11,,green,,,pretty_small_if_possible_kick_out,,,,
2018,8/16/2018,2_5,mowing,future,Dia_car,2,3,11,,green,,,,,,,
2018,8/16/2018,3_4,mowing,ambient,Dia_car,2,1,NA,,immature,,,,,,,
2018,8/16/2018,3_4,mowing,ambient,Dia_car,2,2,53,,green,,,,,,,
2018,8/16/2018,3_4,mowing,ambient,Dia_car,1,1,25,,green,,,,,,,
2018,8/16/2018,3_4,mowing,ambient,Dia_car,1,2,35,,green,,,,,,,
2018,8/16/2018,3_4,mowing,ambient,Dia_car,1,3,NA,,immature,,,,,,,
2018,8/16/2018,3_5,grazing,ambient,Dia_car,2,1,31,,green,,,,9,,,
2018,8/16/2018,3_5,grazing,ambient,Dia_car,2,2,27,,green,,,,,,,
2018,8/16/2018,3_5,grazing,ambient,Dia_car,1,1,NA,,immature,,,,,,,
2018,8/16/2018,3_5,grazing,ambient,Dia_car,1,2,39,,green,,,,,,,
2018,8/16/2018,4_4,mowing,future,Dia_car,2,1,18,,green,,,,,,,
2018,8/16/2018,4_4,mowing,future,Dia_car,2,2,NA,,flower,,,,,,,
2018,8/16/2018,4_4,mowing,future,Dia_car,2,3,25,,green,,,,,,,
2018,8/16/2018,4_4,mowing,future,Dia_car,2,4,57,,green,,,,,,,
2018,8/16/2018,4_4,mowing,future,Dia_car,1,1,20,,green,,,,,,,
2018,8/16/2018,4_4,mowing,future,Dia_car,1,2,13,,green,,,,,,,
2018,8/16/2018,4_4,mowing,future,Dia_car,1,3,22,,green,,,,,,,
2018,8/16/2018,4_4,mowing,future,Dia_car,1,4,0,,open,,,empty,,,,
2018,5/2/2018,4_5,grazing,future,Dia_car,2,1,33,,,,,,,,,
2018,8/16/2018,4_5,grazing,future,Dia_car,2,1,NA,,immature,,,,,,,
2018,8/16/2018,4_5,grazing,future,Dia_car,2,2,NA,,immature,,,,,,,
2018,8/16/2018,4_5,grazing,future,Dia_car,2,3,3,,open,,,probably_empty,,,,
2018,8/16/2018,4_5,grazing,future,Dia_car,1,1,1,,open,,,probably_empty_got_45_in_back,,,,
2018,8/16/2018,4_5,grazing,future,Dia_car,1,2,21,,open,,,,,,,
2018,8/16/2018,5_4,grazing,ambient,Dia_car,1,1,NA,,flower,,,,,,,
2018,8/16/2018,5_4,grazing,ambient,Dia_car,1,2,25,,green,,,,,,,
2018,8/16/2018,5_4,grazing,ambient,Dia_car,2,3,NA,,flower,,,,,,,
2018,8/16/2018,5_4,grazing,ambient,Dia_car,2,1,NA,,flower,,,,,,,
2018,8/16/2018,5_4,grazing,ambient,Dia_car,2,2,7,,green,,,,,,,
2018,8/16/2018,5_5,mowing,ambient,Dia_car,1,4,NA,,flower,,,,,,,
2018,8/16/2018,5_5,mowing,ambient,Dia_car,1,3,24,,green,,,,,,,
2018,8/16/2018,5_5,mowing,ambient,Dia_car,1,2,0,,flower,,,,,,,
2018,8/16/2018,5_5,mowing,ambient,Dia_car,1,1,65,,green,,,,,,,
2018,8/16/2018,5_5,mowing,ambient,Dia_car,2,2,38,,green,,,,,,,
2018,8/16/2018,5_5,mowing,ambient,Dia_car,2,5,NA,,flower,,,,,,,
2018,8/16/2018,5_5,mowing,ambient,Dia_car,2,3,45,,green,,,,,,,
2018,8/16/2018,5_5,mowing,ambient,Dia_car,2,4,29,,green,,,,,,,
2018,8/16/2018,5_5,mowing,ambient,Dia_car,2,1,NA,,flower,,,,,,,
2018,5/2/2018,6_1,grazing,future,Dia_car,1,1,15,,,,,very_small,,,,
2018,8/16/2018,6_1,grazing,future,Dia_car,1,1,NA,,immature,,,,,,,
2018,8/16/2018,6_1,grazing,future,Dia_car,1,2,37,,green,,,,,,,
2018,8/16/2018,6_1,grazing,future,Dia_car,1,3,35,,open,,,,,,,
2018,8/16/2018,6_1,grazing,future,Dia_car,2,1,25,,green,,,,,,,
2018,8/16/2018,6_1,grazing,future,Dia_car,2,2,17,,green,,,,,,,
2018,8/16/2018,6_1,grazing,future,Dia_car,2,3,24,,green,,,somehow_crossedout,,,,
2018,5/2/2018,6_3,mowing,future,Dia_car,1,1,61,,,,,,,,,
2018,5/2/2018,6_3,mowing,future,Dia_car,2,1,21,,,,,,,,,
2018,8/16/2018,6_3,mowing,future,Dia_car,2,1,60,,open,,,,,,,
2018,8/16/2018,6_3,mowing,future,Dia_car,2,2,47,,green,,,,,,,
2018,8/16/2018,6_3,mowing,future,Dia_car,1,1,51,,green,,,had_two_flowers,,,,
2018,8/16/2018,6_3,mowing,future,Dia_car,1,2,34,,open,,,,,,,
2018,5/2/2018,7_2,mowing,future,Dia_car,3,1,56,,,,,,,,,
2018,8/16/2018,7_2,mowing,future,Dia_car,1,1,40,,green,,,,,,,
2018,8/16/2018,7_2,mowing,future,Dia_car,1,2,NA,,immature,,,,,,,
2018,8/16/2018,7_2,mowing,future,Dia_car,2,1,51,,green,,,,,,,
2018,8/16/2018,7_2,mowing,future,Dia_car,2,2,56,,open,,,,,,,
2018,8/16/2018,7_3,grazing,future,Dia_car,1,1,55,,open,,,,,,,
2018,8/16/2018,7_3,grazing,future,Dia_car,1,2,24,,green,,,,,,,
2018,8/16/2018,7_3,grazing,future,Dia_car,1,3,19,,open,,,,,,,
2018,8/16/2018,7_3,grazing,future,Dia_car,2,1,45,,open,,,,,,,
2018,8/16/2018,7_3,grazing,future,Dia_car,2,2,NA,,immature,,,,,,,
2018,8/16/2018,8_2,grazing,ambient,Dia_car,2,1,28,,open,,,26_are_brown_and_small,,,,
2018,8/16/2018,8_2,grazing,ambient,Dia_car,2,2,25,,green,,,,,,,
2018,8/16/2018,8_2,grazing,ambient,Dia_car,1,1,NA,,flower,,,,,,,
2018,8/16/2018,8_2,grazing,ambient,Dia_car,1,2,NA,,immature,,,,,,,
2018,8/16/2018,8_2,grazing,ambient,Dia_car,1,3,47,,green,,,,,,,
2018,8/16/2018,8_2,grazing,ambient,Dia_car,1,4,50,,green,,,,,,,
2018,8/16/2018,8_3,mowing,ambient,Dia_car,1,1,81,,green,,,,,,,
2018,8/16/2018,8_3,mowing,ambient,Dia_car,1,2,68,,green,,,pretty_small_if_possible_kick_out,,,,
2018,8/16/2018,8_3,mowing,ambient,Dia_car,2,1,67,,green,,,pretty_small_if_possible_kick_out,,,,
2018,8/16/2018,8_3,mowing,ambient,Dia_car,2,2,37,,green,,,pretty_small_if_possible_kick_out,,,,
2018,8/16/2018,8_3,mowing,ambient,Dia_car,2,3,71,,green,,,,,,,
2018,8/16/2018,9_1,mowing,future,Dia_car,1,1,36,,green,,,,,,,
2018,8/16/2018,9_1,mowing,future,Dia_car,1,2,31,,green,,,,,,,
2018,8/16/2018,9_1,mowing,future,Dia_car,1,3,36,,open,,,,,,,
2018,8/16/2018,9_1,mowing,future,Dia_car,2,1,46,,green,,,,,,,
2018,8/16/2018,9_1,mowing,future,Dia_car,2,2,38,,green,,,,,,,
2018,8/16/2018,9_1,mowing,future,Dia_car,2,3,3,,open,,,empty,,,,
2018,8/16/2018,9_4,grazing,future,Dia_car,1,1,3,,open,,,empty,,,,
2018,8/16/2018,9_4,grazing,future,Dia_car,1,2,NA,,immature,,,,,,,
2018,8/16/2018,9_4,grazing,future,Dia_car,1,3,8,,open,,,,,,,
2018,8/16/2018,9_4,grazing,future,Dia_car,1,4,NA,,flower,,,,,,,
2018,8/16/2018,9_4,grazing,future,Dia_car,2,1,NA,,flower,,,,,,,
2018,8/16/2018,9_4,grazing,future,Dia_car,2,2,9,,green,,,,,,,
2018,8/16/2018,9_4,grazing,future,Dia_car,2,3,NA,,immature,,,,,,,
2018,8/16/2018,9_4,grazing,future,Dia_car,2,4,31,,green,,,,,,,
2019,5/8/2019,1_3,grazing,ambient,Dia_car,2,,49,,,,,,11,,,
2019,5/8/2019,1_3,grazing,ambient,Dia_car,1,,40,,,,,,8,,,
2019,2/8/2019,10_1,grazing,ambient,Dia_car,1,,55,,,,,,5,,,
2019,2/8/2019,10_1,grazing,ambient,Dia_car,2,,33,,,,,,12,,,
2019,5/8/2019,2_2,grazing,future,Dia_car,2,,42,,,,,,3,,,
2019,5/8/2019,2_2,grazing,future,Dia_car,1,,4,,,,,,52,,,
2019,5/8/2019,3_5,grazing,ambient,Dia_car,1,,24,,,,,,27,,,
2019,5/8/2019,3_5,grazing,ambient,Dia_car,2,,22,,,,,,6,,,
2019,5/8/2019,4_4,mowing,future,Dia_car,1,,29,,,,,0,,,,
2019,2/8/2019,4_5,grazing,future,Dia_car,1,,35,,,,,"sehr unreif, schwer zu zählen",0,,,
2019,5/8/2019,4_5,grazing,future,Dia_car,2,,12,,,,,"sehr unreif, schwer zu zählen",,,,
2019,5/8/2019,5_4,grazing,ambient,Dia_car,2,,50,,,,,6,,,,
2019,5/8/2019,6_1,grazing,future,Dia_car,2,,73,,,,,9,,,,
2019,5/8/2019,6_1,grazing,future,Dia_car,1,,51,,,,,12,,,,
2019,2/8/2019,7_3,grazing,future,Dia_car,1,,62,,,,,9,,,,
2019,2/8/2019,7_3,grazing,future,Dia_car,2,,71,,,,,5,,,,
2019,2/8/2019,8_2,grazing,ambient,Dia_car,2,,44,,,,,0,,,,
2019,2/8/2019,8_2,grazing,ambient,Dia_car,1,,54,,,,,16,,,,
2019,2/8/2019,9_4,grazing,future,Dia_car,1,,61,,,,,10,,,,
2019,2/8/2019,9_4,grazing,future,Dia_car,2,,14,,,,,22,,,,
2020,8/10/2020,6_3,mowing,future,Dia_car,1,,20,,,,,,,,,
2020,8/10/2020,6_3,mowing,future,Dia_car,2,,25,,,,,,,,,
2020,8/11/2020,8_3,mowing,ambient,Dia_car,2,,70,,,,,,,,,
2020,8/11/2020,8_3,mowing,ambient,Dia_car,1,,42,,,,,,,,,
2020,8/11/2020,7_2,mowing,future,Dia_car,2,,3,,,,,,,,,
2020,8/11/2020,7_2,mowing,future,Dia_car,1,,35,,,,,,,,,
2020,8/11/2020,3_4,mowing,ambient,Dia_car,2,,46,,,,,,,,,
2020,8/11/2020,2_5,mowing,future,Dia_car,1,,49,,,,,,,,,
2020,8/11/2020,2_5,mowing,future,Dia_car,2,,51,,,,,,,,,
2020,8/11/2020,1_1,mowing,ambient,Dia_car,1,,21,,,,,,,,,
2020,8/11/2020,1_1,mowing,ambient,Dia_car,2,,58,,,,,,,,,
2020,8/11/2020,3_4,mowing,ambient,Dia_car,1,,23,,,,,,,,,
2020,8/11/2020,4_4,mowing,future,Dia_car,1,,0,,,,,,,,,
2020,8/11/2020,4_4,mowing,future,Dia_car,2,,49,,,,,,,,,
2020,8/11/2020,5_4,grazing,ambient,Dia_car,1,,20,,,,,,,,,
2020,8/11/2020,5_4,grazing,ambient,Dia_car,2,,26,,,,,,,,,
2020,8/10/2020,6_1,grazing,future,Dia_car,1,,27,,,,,,,,,
2020,8/10/2020,6_1,grazing,future,Dia_car,2,,54,,,,,,,,,
2020,8/10/2020,7_3,grazing,future,Dia_car,1,,30,,,,,,,,,
2020,8/10/2020,7_3,grazing,future,Dia_car,2,,26,,,,,,,,,
2020,8/11/2020,8_2,grazing,ambient,Dia_car,1,,9,,,,,,,,,
2020,8/11/2020,8_2,grazing,ambient,Dia_car,2,,37,,,,,,,,,
2020,8/11/2020,9_4,grazing,future,Dia_car,1,,60,,,,,,,,,
2020,8/11/2020,9_4,grazing,future,Dia_car,2,,15,,,,,,,,,
2020,8/11/2020,10_1,grazing,ambient,Dia_car,1,,27,,,,,,,,,
2020,8/11/2020,10_1,grazing,ambient,Dia_car,2,,25,,,,,,,,,
2020,8/11/2020,4_5,grazing,future,Dia_car,1,,63,,,,,,,,,
2020,8/11/2020,4_5,grazing,future,Dia_car,2,,27,,,,,,,,,
2020,8/11/2020,3_5,grazing,ambient,Dia_car,1,,29,,,,,,,,,
2020,8/11/2020,3_5,grazing,ambient,Dia_car,2,,30,,,,,,,,,
2020,8/11/2020,2_2,grazing,future,Dia_car,1,,2,,,,,,,,,
2020,8/11/2020,2_2,grazing,future,Dia_car,2,,7,,,,,,,,,
2020,8/11/2020,1_3,grazing,ambient,Dia_car,1,,33,,,,,,,,,
2020,8/11/2020,1_3,grazing,ambient,Dia_car,2,,41,,,,,,,,,
2020,8/11/2020,9_1,mowing,future,Dia_car,2,,50,,,,,,,,,
2020,8/11/2020,9_1,mowing,future,Dia_car,1,,25,,,,,,,,,
2020,8/11/2020,10_2,mowing,ambient,Dia_car,1,,41,,,,,,,,,
2020,8/11/2020,10_2,mowing,ambient,Dia_car,2,,59,,,,,,,,,
2020,8/10/2020,5_5,mowing,ambient,Dia_car,1,,34,,,,,,,,,
2020,8/10/2020,5_5,mowing,ambient,Dia_car,2,,20,,,,,,,,,
2021,8/18/2021,1_1,mowing,ambient,Dia_car,1,,21,44,,0,1,,,,,
2021,8/18/2021,1_1,mowing,ambient,Dia_car,2,,12,6,,0,1,,,,,
2021,8/18/2021,1_3,grazing,ambient,Dia_car,1,,4,6,,0,0,,,,,
2021,8/18/2021,1_3,grazing,ambient,Dia_car,2,,9,18,,0,1,,,,,
2021,8/18/2021,10_1,grazing,ambient,Dia_car,1,,49,25,,0,1,black,,,,
2021,8/18/2021,10_1,grazing,ambient,Dia_car,2,,4,42,,0,1,unviable= small brown spots,,,,
2021,8/18/2021,10_2,mowing,ambient,Dia_car,1,,0,81,,0,0,,,,,
2021,8/18/2021,10_2,mowing,ambient,Dia_car,2,,0,49,,0,0,not ripe,,,,
2021,8/18/2021,2_2,grazing,future,Dia_car,1,,0,0,,0,1,ripe but no seeds?,,,,
2021,8/18/2021,2_2,grazing,future,Dia_car,2,,22,5,,0,1,,,,,
2021,8/18/2021,2_5,mowing,future,Dia_car,1,,30,18,,0,1,,,,,
2021,8/18/2021,2_5,mowing,future,Dia_car,2,,20,35,,0,1,lost seeds,,,,
2021,8/18/2021,3_4,mowing,ambient,Dia_car,1,,35,30,,0,1,,,,,
2021,8/18/2021,3_4,mowing,ambient,Dia_car,1,,22,21,,0,1,,,,,
2021,8/18/2021,3_5,grazing,ambient,Dia_car,1,,0,0,,0,0,no seeds,,,,
2021,8/18/2021,3_5,grazing,ambient,Dia_car,2,,0,6,,0,0,still some part of the flower,,,,
2021,8/18/2021,4_4,mowing,future,Dia_car,1,,23,7,,0,0,"brown, small",,,,
2021,8/18/2021,4_4,mowing,future,Dia_car,2,,17,13,,0,1,,,,,
2021,8/18/2021,4_5,grazing,future,Dia_car,1,,20,12,,0,1,brown stuff ,,,,
2021,8/18/2021,4_5,grazing,future,Dia_car,2,,22,71,,0,1,black spots,,,,
2021,8/18/2021,5_4,grazing,ambient,Dia_car,1,,20,0,,0,1,brown stuff ,,,,
2021,8/18/2021,5_4,grazing,ambient,Dia_car,2,,12,6,,0,0,"unripe, hard to count bc. They sticked together",,,,
2021,8/18/2021,5_5,mowing,ambient,Dia_car,1,,27,0,,0,1,brown stuff ,,,,
2021,8/18/2021,5_5,mowing,ambient,Dia_car,2,,18,16,,0,1,brown stuff ,,,,
2021,8/18/2021,6_1,grazing,future,Dia_car,1,,31,0,,0,1,countet the brown stuff,,,,
2021,8/18/2021,6_1,grazing,future,Dia_car,2,,14,0,,0,1, countet the brown stuff,,,,
2021,8/18/2021,6_3,mowing,future,Dia_car,1,,0,0,,0,0,no seeds,,,,
2021,8/18/2021,6_3,mowing,future,Dia_car,2,,4,23,,0,1,,,,,
2021,8/18/2021,7_2,mowing,future,Dia_car,1,,52,0,,0,1,small brown spots ,,,,
2021,8/18/2021,7_2,mowing,future,Dia_car,2,,53,0,,0,1, brown stuff,,,,
2021,8/18/2021,7_2,mowing,future,Dia_car,1,,21,44,,0,1,,,,,
2021,8/18/2021,7_3,grazing,future,Dia_car,1,,28,0,,0,1,black bigger ,,,,
2021,8/18/2021,7_3,grazing,future,Dia_car,1,,8,25,,0,0,still kind of green,,,,
2021,8/18/2021,8_2,grazing,ambient,Dia_car,1,,30,45,,0,1,,,,,
2021,8/18/2021,8_2,grazing,ambient,Dia_car,1,,16,32,,0,1,,,,,
2021,8/18/2021,8_3,mowing,ambient,Dia_car,1,,0,11,,1,1,,,,,
2021,8/18/2021,8_3,mowing,ambient,Dia_car,2,,48,0,,0,1,,,,,
2021,8/18/2021,9_1,mowing,future,Dia_car,1,,18,22,,0,1,,,,,
2021,8/18/2021,9_1,mowing,future,Dia_car,2,,0,45,,0,1,,,,,
2021,8/18/2021,9_4,grazing,future,Dia_car,1,,13,0,,0,1,lost one seed,,,,
2021,8/18/2021,9_4,grazing,future,Dia_car,2,,20,21,,0,1,,,,,
2018,8/16/2018,1_1,mowing,ambient,Lot_cor,2,1,6,,,,,,,,,
2018,8/16/2018,1_1,mowing,ambient,Lot_cor,2,2,10,,,,,,,,,
2018,8/16/2018,1_1,mowing,ambient,Lot_cor,1,1,7,,,,,collected_later,,,,
2018,8/16/2018,1_1,mowing,ambient,Lot_cor,1,2,10,,,,,collected_later,,,,
2018,8/16/2018,1_3,grazing,ambient,Lot_cor,2,1,12,,,,,,,,,
2018,8/16/2018,1_3,grazing,ambient,Lot_cor,2,2,21,,,,,,,,,
2018,8/16/2018,1_3,grazing,ambient,Lot_cor,1,1,17,,,,,,,,,
2018,8/16/2018,1_3,grazing,ambient,Lot_cor,1,2,14,,,,,,,,,
2018,8/16/2018,10_1,grazing,ambient,Lot_cor,2,1,22,,,,,,,,,
2018,8/16/2018,10_1,grazing,ambient,Lot_cor,2,2,12,,,,,,,,,
2018,8/16/2018,10_1,grazing,ambient,Lot_cor,1,1,4,,,,,,,,,
2018,8/16/2018,10_1,grazing,ambient,Lot_cor,1,2,4,,,,,,,,,
2018,8/16/2018,10_2,mowing,ambient,Lot_cor,2,1,8,,,,,,,,,
2018,8/16/2018,10_2,mowing,ambient,Lot_cor,2,2,5,,,,,,,,,
2018,8/16/2018,10_2,mowing,ambient,Lot_cor,2,3,9,,,,,,,,,
2018,8/16/2018,10_2,mowing,ambient,Lot_cor,2,4,10,,,,,,,,,
2018,8/16/2018,10_2,mowing,ambient,Lot_cor,1,1,3,,,,,,,,,
2018,8/16/2018,10_2,mowing,ambient,Lot_cor,1,2,3,,,,,,,,,
2018,8/16/2018,2_2,grazing,future,Lot_cor,1,1,10,,,,,,,,,
2018,8/16/2018,2_2,grazing,future,Lot_cor,1,2,2,,,,,,,,,
2018,8/16/2018,2_2,grazing,future,Lot_cor,2,1,8,,,,,,,,,
2018,8/16/2018,2_5,mowing,future,Lot_cor,1,1,1,,,,,,,,,
2018,8/16/2018,2_5,mowing,future,Lot_cor,2,1,3,,,,,,,,,
2018,8/16/2018,2_5,mowing,future,Lot_cor,2,2,6,,,,,,,,,
2018,8/16/2018,2_5,mowing,future,Lot_cor,2,3,12,,,,,,,,,
2018,8/16/2018,3_4,mowing,ambient,Lot_cor,1,1,8,,,,,,,,,
2018,8/16/2018,3_4,mowing,ambient,Lot_cor,1,2,7,,,,,,,,,
2018,8/16/2018,3_4,mowing,ambient,Lot_cor,2,1,8,,,,,,,,,
2018,8/16/2018,3_4,mowing,ambient,Lot_cor,2,2,9,,,,,,,,,
2018,8/16/2018,3_4,mowing,ambient,Lot_cor,2,3,15,,,,,,,,,
2018,8/16/2018,3_4,mowing,ambient,Lot_cor,2,4,10,,,,,,,,,
2018,8/16/2018,3_5,grazing,ambient,Lot_cor,1,1,10,,,,,,,,,
2018,8/16/2018,3_5,grazing,ambient,Lot_cor,1,2,5,,,,,,,,,
2018,8/16/2018,3_5,grazing,ambient,Lot_cor,2,1,26,,,,,,,,,
2018,8/16/2018,4_4,mowing,future,Lot_cor,1,1,12,,,,,,,,,
2018,8/16/2018,4_4,mowing,future,Lot_cor,1,2,10,,,,,,,,,
2018,8/16/2018,4_4,mowing,future,Lot_cor,2,1,10,,,,,,,,,
2018,8/16/2018,4_4,mowing,future,Lot_cor,2,2,2,,,,,,,,,
2018,8/16/2018,4_5,grazing,future,Lot_cor,1,1,23,,,,,,,,,
2018,8/16/2018,4_5,grazing,future,Lot_cor,1,2,10,,,,,,,,,
2018,8/16/2018,4_5,grazing,future,Lot_cor,2,1,7,,,,,,,,,
2018,8/16/2018,4_5,grazing,future,Lot_cor,2,2,6,,,,,,,,,
2018,8/16/2018,4_5,grazing,future,Lot_cor,2,3,7,,,,,,,,,
2018,8/16/2018,5_4,grazing,ambient,Lot_cor,1,1,17,,,,,,,,,
2018,8/16/2018,5_4,grazing,ambient,Lot_cor,1,2,14,,,,,,,,,
2018,8/16/2018,5_4,grazing,ambient,Lot_cor,2,1,12,,,,,collected_later,,,,
2018,8/16/2018,5_5,mowing,ambient,Lot_cor,1,1,21,,,,,,,,,
2018,8/16/2018,5_5,mowing,ambient,Lot_cor,1,2,15,,,,,,,,,
2018,8/16/2018,5_5,mowing,ambient,Lot_cor,1,3,16,,,,,,,,,
2018,8/16/2018,5_5,mowing,ambient,Lot_cor,2,1,8,,,,,,,,,
2018,8/16/2018,5_5,mowing,ambient,Lot_cor,2,2,19,,,,,,,,,
2018,8/16/2018,6_1,grazing,future,Lot_cor,1,1,10,,,,,,,,,
2018,8/16/2018,6_1,grazing,future,Lot_cor,1,2,8,,,,,,,,,
2018,8/16/2018,6_1,grazing,future,Lot_cor,1,3,10,,,,,,,,,
2018,8/16/2018,6_1,grazing,future,Lot_cor,2,1,4,,,,,,,,,
2018,8/16/2018,6_1,grazing,future,Lot_cor,2,2,8,,,,,,,,,
2018,8/16/2018,6_1,grazing,future,Lot_cor,2,3,13,,,,,,,,,
2018,8/16/2018,6_3,mowing,future,Lot_cor,1,1,6,,,,,,,,,
2018,8/16/2018,6_3,mowing,future,Lot_cor,2,1,3,,,,,,,,,
2018,8/16/2018,6_3,mowing,future,Lot_cor,2,2,2,,,,,,,,,
2018,8/16/2018,7_2,mowing,future,Lot_cor,2,1,11,,,,,,,,,
2018,8/16/2018,7_2,mowing,future,Lot_cor,1,1,10,,,,,,,,,
2018,8/16/2018,7_2,mowing,future,Lot_cor,1,2,2,,,,,,,,,
2018,8/16/2018,7_2,mowing,future,Lot_cor,1,3,7,,,,,,,,,
2018,8/16/2018,7_3,grazing,future,Lot_cor,1,1,19,,,,,,,,,
2018,8/16/2018,7_3,grazing,future,Lot_cor,1,2,5,,,,,,,,,
2018,8/16/2018,7_3,grazing,future,Lot_cor,1,3,23,,,,,,,,,
2018,8/16/2018,7_3,grazing,future,Lot_cor,2,1,8,,,,,,,,,
2018,8/16/2018,7_3,grazing,future,Lot_cor,2,2,13,,,,,,,,,
2018,8/16/2018,8_2,grazing,ambient,Lot_cor,1,1,8,,,,,,,,,
2018,8/16/2018,8_2,grazing,ambient,Lot_cor,1,2,8,,,,,,,,,
2018,8/16/2018,8_2,grazing,ambient,Lot_cor,2,1,1,,,,,,,,,
2018,8/16/2018,8_2,grazing,ambient,Lot_cor,2,2,2,,,,,,,,,
2018,8/16/2018,8_3,mowing,ambient,Lot_cor,1,1,7,,,,,,,,,
2018,8/16/2018,8_3,mowing,ambient,Lot_cor,2,1,13,,,,,,,,,
2018,8/16/2018,8_3,mowing,ambient,Lot_cor,2,2,17,,,,,,,,,
2018,8/16/2018,9_1,mowing,future,Lot_cor,1,1,9,,,,,,,,,
2018,8/16/2018,9_1,mowing,future,Lot_cor,1,2,7,,,,,,,,,
2018,8/16/2018,9_1,mowing,future,Lot_cor,2,1,18,,,,,,,,,
2018,8/16/2018,9_1,mowing,future,Lot_cor,2,2,11,,,,,,,,,
2018,8/16/2018,9_4,grazing,future,Lot_cor,2,1,12,,,,,,,,,
2018,8/16/2018,9_4,grazing,future,Lot_cor,2,2,6,,,,,,,,,
2018,8/16/2018,9_4,grazing,future,Lot_cor,1,1,8,,,,,,,,,
2019,5/8/2019,1_1,mowing,ambient,Lot_cor,1,1,15,,,,,,,,,
2019,5/8/2019,1_1,mowing,ambient,Lot_cor,1,2,16,,,,,,,,,
2019,5/8/2019,1_1,mowing,ambient,Lot_cor,1,3,8,,,,,,,,,
2019,5/8/2019,1_1,mowing,ambient,Lot_cor,2,1,15,,,,,,,,,
2019,5/8/2019,1_3,grazing,ambient,Lot_cor,2,1,18,,,,,,,,,
2019,5/8/2019,1_3,grazing,ambient,Lot_cor,2,2,10,,,,,,,,,
2019,5/8/2019,1_3,grazing,ambient,Lot_cor,1,1,8,,,,,,,,,
2019,2/8/2019,10_1,grazing,ambient,Lot_cor,2,1,5,,,,,,,,,
2019,2/8/2019,10_1,grazing,ambient,Lot_cor,2,2,5,,,,,,,,,
2019,2/8/2019,10_1,grazing,ambient,Lot_cor,2,3,8,,,,,,,,,
2019,2/8/2019,10_2,mowing,ambient,Lot_cor,2,1,9,,,,,,,,,
2019,2/8/2019,10_2,mowing,ambient,Lot_cor,1,1,5,,,,,1 Käfer,,,,
2019,2/8/2019,10_2,mowing,ambient,Lot_cor,1,2,7,,,,,,,,,
2019,5/8/2019,2_2,grazing,future,Lot_cor,1,1,1,,,,,,,,,
2019,5/8/2019,2_2,grazing,future,Lot_cor,1,2,3,,,,,,,,,
2019,5/8/2019,2_2,grazing,future,Lot_cor,1,3,3,,,,,,,,,
2019,5/8/2019,2_2,grazing,future,Lot_cor,2,1,12,,,,,,,,,
2019,5/8/2019,2_5,mowing,future,Lot_cor,2,1,0,,,,,,,1,,
2019,5/8/2019,3_5,grazing,ambient,Lot_cor,1,1,7,,,,,Käfer in Kapsel,,,,
2019,5/8/2019,3_5,grazing,ambient,Lot_cor,1,2,4,,,,,,,,,
2019,5/8/2019,3_5,grazing,ambient,Lot_cor,1,3,15,,,,,mehrere Maden,,,,
2019,5/8/2019,3_5,grazing,ambient,Lot_cor,1,4,9,,,,,1 Made,,,,
2019,5/8/2019,4_4,mowing,future,Lot_cor,1,1,9,,,,,,,,,
2019,5/8/2019,4_4,mowing,future,Lot_cor,1,2,12,,,,,,,,,
2019,5/8/2019,4_4,mowing,future,Lot_cor,2,1,1,,,,,1_Made,,,,
2019,5/8/2019,4_5,grazing,future,Lot_cor,2,1,12,,,,,,,,,
2019,5/8/2019,4_5,grazing,future,Lot_cor,2,1,5,,,,,,,,,
2019,5/8/2019,4_5,grazing,future,Lot_cor,2,2,1,,,,,,,,,
2019,5/8/2019,4_5,grazing,future,Lot_cor,2,3,3,,,,,,,,,
2019,5/8/2019,6_3,mowing,future,Lot_cor,3,,15,,,,,,,,,
2019,5/8/2019,6_3,mowing,future,Lot_cor,2,1,13,,,,,,,,,
2019,5/8/2019,6_3,mowing,future,Lot_cor,2,2,19,,,,,,,,,
2019,5/8/2019,6_3,mowing,future,Lot_cor,2,3,12,,,,,,,,,
2019,5/8/2019,6_3,mowing,future,Lot_cor,1,1,0,,,,,,sehr kleine Frucht,1,,
2019,5/8/2019,6_3,mowing,future,Lot_cor,1,2,1,,,,,,,1,,
2019,2/8/2019,7_3,grazing,future,Lot_cor,2,1,2,,,,,,2_ Kapsel verloren (ähnlich groß),1,,
2019,2/8/2019,7_3,grazing,future,Lot_cor,1,1,11,,,,,,,,,
2019,2/8/2019,8_2,grazing,ambient,Lot_cor,1,1,5,,,,,,1 Käfer,,,
2019,2/8/2019,8_2,grazing,ambient,Lot_cor,1,2,4,,,,,,1 Käfer,,,
2019,2/8/2019,8_2,grazing,ambient,Lot_cor,1,3,4,,,,,,,,,
2019,2/8/2019,8_2,grazing,ambient,Lot_cor,2,1,8,,,,,,1 Fliege,,,
2019,2/8/2019,8_2,grazing,ambient,Lot_cor,2,2,16,,,,,,1 Käfer,,,
2019,2/8/2019,8_3,mowing,ambient,Lot_cor,2,1,7,,,,,,,,,
2019,2/8/2019,9_1,mowing,future,Lot_cor,1,1,8,,,,,,,1,,
2019,2/8/2019,9_1,mowing,future,Lot_cor,1,2,13,,,,,,,1,,
2019,2/8/2019,9_4,grazing,future,Lot_cor,1,1,0,,,,,,with small maggot & small seeds,,,
2019,2/8/2019,9_4,grazing,future,Lot_cor,1,2,10,,,,,,,,,
2019,2/8/2019,9_4,grazing,future,Lot_cor,2,1,18,,,,,,Fliege in Kapsel,1,,
2020,9/3/2020,7_3,grazing,future,Lot_cor,1,,6,,,,,,,,,
2020,9/3/2020,5_5,mowing,ambient,Lot_cor,1,,3,,,,,1.3,,,,
2020,9/3/2020,5_5,mowing,ambient,Lot_cor,2,,5,,,,,2.1 unreif,,,,
2020,9/3/2020,4_4,mowing,future,Lot_cor,2,,2,,,,,2.1,,,,
2020,9/3/2020,4_4,mowing,future,Lot_cor,1,,3,,,,,1.1,,,,
2020,9/3/2020,4_4,mowing,future,Lot_cor,1,,7,,,,,1.2,,,,
2020,9/3/2020,7_2,mowing,future,Lot_cor,2,,9,,,,,,,,,
2020,9/3/2020,7_2,mowing,future,Lot_cor,1,,8,,,,,,,,,
2020,9/3/2020,5_5,mowing,ambient,Lot_cor,1,,2,,,,,1.1,,,,
2020,9/3/2020,5_5,mowing,ambient,Lot_cor,1,,0,,,,,1.2,,,,
2020,9/3/2020,1_1,mowing,ambient,Lot_cor,2,,3,,,,,,,,,
2020,9/3/2020,10_2,mowing,ambient,Lot_cor,1,,6,,,,,,,,,
2020,9/3/2020,10_2,mowing,ambient,Lot_cor,2,,2,,,,,,,,,
2020,9/3/2020,8_3,mowing,ambient,Lot_cor,1,,0,,,,,1.1 unreif,,,,
2020,9/3/2020,8_3,mowing,ambient,Lot_cor,2,,0,,,,,1.2 unreif,,,,
2020,9/3/2020,8_3,mowing,ambient,Lot_cor,3,,0,,,,,1.3 unreif,,,,
2021,8/18/2021,2_2,grazing,future,Lot_cor,1,,9,0,,0,0,,,,,
2021,8/18/2021,4_5,grazing,future,Lot_cor,1,,23,0,,0,1,,,,,
2021,8/18/2021,6_2,grazing,future,Lot_cor,1,,6,8,,0,0,,,,,
2021,8/18/2021,7_3,grazing,future,Lot_cor,1,,21,7,,0,1,,,,,
2021,8/18/2021,8_2,grazing,ambient,Lot_cor,2,,21,10,,0,1,,,,,
2021,8/18/2021,10_1,grazing,ambient,Lot_cor,2,,21,0,,0,1,,,,,
2021,8/18/2021,10_1,grazing,ambient,Lot_cor,1,,21,0,,0,1,,,,,
2021,8/18/2021,9_4,grazing,future,Lot_cor,1,,30,0,,0,1,from the edge,,,,
2021,8/18/2021,2_2,grazing,future,Lot_cor,2,,18,1,,0,1,,,,,
2021,8/18/2021,8_2,grazing,ambient,Lot_cor,1,,17,0,,0,1,,,,,
2018,9/3/2018,1_1,mowing,ambient,Med_fal,1,1,2,,,,,,,,,
2018,9/3/2018,1_1,mowing,ambient,Med_fal,1,2,1,,,,,,,,,
2018,9/3/2018,1_1,mowing,ambient,Med_fal,1,3,3,,,,,,,,,
2018,9/3/2018,1_1,mowing,ambient,Med_fal,2,1,3,,,,,,,,,
2018,9/3/2018,1_3,grazing,ambient,Med_fal,1,1,2,,,,,,,,,
2018,9/3/2018,1_3,grazing,ambient,Med_fal,1,2,3,,,,,,,,,
2018,9/3/2018,10_1,grazing,ambient,Med_fal,1,1,4,,,,,,,,,
2018,9/3/2018,10_1,grazing,ambient,Med_fal,2,1,3,,,,,,,,,
2018,9/3/2018,10_1,grazing,ambient,Med_fal,2,2,2,,,,,,,,,
2018,9/3/2018,10_1,grazing,ambient,Med_fal,2,3,1,,,,,,,,,
2018,9/3/2018,10_1,grazing,ambient,Med_fal,2,4,2,,,,,,,,,
2018,9/3/2018,10_2,mowing,ambient,Med_fal,2,1,3,,,,,,,,,
2018,9/3/2018,10_2,mowing,ambient,Med_fal,1,1,1,,,,,,,,,
2018,9/3/2018,10_2,mowing,ambient,Med_fal,1,2,1,,,,,,,,,
2018,9/3/2018,2_2,grazing,future,Med_fal,2,1,5,,,,,Plot_2_3?,,,,
2018,9/3/2018,2_2,grazing,future,Med_fal,2,2,2,,,,,Plot_2_3?,,,,
2018,9/3/2018,2_2,grazing,future,Med_fal,2,1,4,,,,,,,,,
2018,9/3/2018,2_2,grazing,future,Med_fal,2,2,1,,,,,,,,,
2018,9/3/2018,2_2,grazing,future,Med_fal,2,3,2,,,,,,,,,
2018,9/3/2018,2_2,grazing,future,Med_fal,2,4,3,,,,,,,,,
2018,9/3/2018,2_2,grazing,future,Med_fal,2,5,4,,,,,,,,,
2018,9/3/2018,2_2,grazing,future,Med_fal,1,1,3,,,,,,,,,
2018,9/3/2018,2_5,mowing,future,Med_fal,2,1,2,,,,,,,,,
2018,9/3/2018,2_5,mowing,future,Med_fal,2,2,3,,,,,,,,,
2018,9/3/2018,2_5,mowing,future,Med_fal,2,3,2,,,,,,,,,
2018,9/3/2018,2_5,mowing,future,Med_fal,1,1,2,,,,,,,,,
2018,9/3/2018,2_5,mowing,future,Med_fal,1,2,5,,,,,,,,,
2018,9/3/2018,3_4,mowing,ambient,Med_fal,1,1,3,,,,,,,,,
2018,9/3/2018,3_4,mowing,ambient,Med_fal,2,1,1,,,,,,,,,
2018,9/3/2018,3_4,mowing,ambient,Med_fal,2,2,0,,green,,,very_small,,,,
2018,9/3/2018,3_4,mowing,ambient,Med_fal,2,3,0,,green,,,very_small,,,,
2018,9/3/2018,3_4,mowing,ambient,Med_fal,2,4,3,,green,,,,,,,
2018,9/3/2018,3_5,grazing,ambient,Med_fal,2,1,2,,,,,,,,,
2018,9/3/2018,3_5,grazing,ambient,Med_fal,2,2,2,,,,,,,,,
2018,9/3/2018,3_5,grazing,ambient,Med_fal,1,1,2,,,,,,,,,
2018,9/3/2018,3_5,grazing,ambient,Med_fal,1,2,1,,,,,,,,,
2018,9/3/2018,3_5,grazing,ambient,Med_fal,1,3,1,,,,,,,,,
2018,9/3/2018,4_4,mowing,future,Med_fal,2,1,1,,green,,,very_small,,,,
2018,9/3/2018,4_4,mowing,future,Med_fal,2,2,0,,flower,,,,,,,
2018,9/3/2018,4_4,mowing,future,Med_fal,1,1,6,,,,,,,,,
2018,9/3/2018,4_5,grazing,future,Med_fal,1,1,3,,,,,,,,,
2018,9/3/2018,4_5,grazing,future,Med_fal,1,1,1,,,,,,,,,
2018,9/3/2018,4_5,grazing,future,Med_fal,1,2,1,,,,,,,,,
2018,9/3/2018,4_5,grazing,future,Med_fal,1,3,2,,,,,,,,,
2018,9/3/2018,4_5,grazing,future,Med_fal,1,4,1,,,,,,,,,
2018,9/3/2018,4_5,grazing,future,Med_fal,1,5,3,,,,,,,,,
2018,9/3/2018,4_5,grazing,future,Med_fal,1,6,3,,,,,,,,,
2018,9/3/2018,5_4,grazing,ambient,Med_fal,1,1,3,,,,,,,,,
2018,9/3/2018,5_4,grazing,ambient,Med_fal,2,1,5,,,,,,,,,
2018,9/3/2018,5_4,grazing,ambient,Med_fal,2,2,1,,,,,,,,,
2018,9/3/2018,5_4,grazing,ambient,Med_fal,2,3,7,,,,,,,,,
2018,9/3/2018,5_4,grazing,ambient,Med_fal,2,4,2,,,,,,,,,
2018,9/3/2018,5_5,mowing,ambient,Med_fal,1,1,0,,,,,,,,,
2018,9/3/2018,5_5,mowing,ambient,Med_fal,1,2,2,,green,,,very_small,,,,
2018,9/3/2018,5_5,mowing,ambient,Med_fal,1,3,1,,,,,,,,,
2018,9/3/2018,5_5,mowing,ambient,Med_fal,1,4,2,,,,,,,,,
2018,9/3/2018,5_5,mowing,ambient,Med_fal,1,5,0,,,,,,,,,
2018,9/3/2018,5_5,mowing,ambient,Med_fal,1,6,2,,,,,,,,,
2018,9/3/2018,5_5,mowing,ambient,Med_fal,1,7,0,,,,,,,,,
2018,9/3/2018,5_5,mowing,ambient,Med_fal,2,1,1,,,,,,,,,
2018,9/3/2018,5_5,mowing,ambient,Med_fal,2,2,0,,,,,,,,,
2018,9/3/2018,5_5,mowing,ambient,Med_fal,2,3,9,,,,,,,,,
2018,9/3/2018,5_5,mowing,ambient,Med_fal,2,4,1,,,,,,,,,
2018,9/3/2018,5_5,mowing,ambient,Med_fal,2,5,4,,,,,,,,,
2018,9/3/2018,5_5,mowing,ambient,Med_fal,2,6,1,,,,,,,,,
2018,9/3/2018,6_1,grazing,future,Med_fal,1,1,1,,,,,,,,,
2018,9/3/2018,6_1,grazing,future,Med_fal,1,2,1,,,,,,,,,
2018,9/3/2018,6_1,grazing,future,Med_fal,1,3,1,,,,,,,,,
2018,9/3/2018,6_1,grazing,future,Med_fal,1,4,5,,,,,,,,,
2018,9/3/2018,6_1,grazing,future,Med_fal,2,1,3,,,,,,,,,
2018,9/3/2018,6_1,grazing,future,Med_fal,2,2,2,,,,,,,,,
2018,9/3/2018,6_1,grazing,future,Med_fal,2,3,2,,,,,,,,,
2018,9/3/2018,6_3,mowing,future,Med_fal,2,1,2,,,,,,,,,
2018,9/3/2018,6_3,mowing,future,Med_fal,2,2,2,,,,,,,,,
2018,9/3/2018,6_3,mowing,future,Med_fal,1,1,2,,green,,,very_small,,,,
2018,9/3/2018,6_3,mowing,future,Med_fal,1,2,3,,green,,,very_small,,,,
2018,9/3/2018,7_2,mowing,future,Med_fal,1,1,3,,,,,,,,,
2018,9/3/2018,7_2,mowing,future,Med_fal,1,2,1,,,,,,,,,
2018,9/3/2018,7_2,mowing,future,Med_fal,1,3,0,,flower,,,,,,,
2018,9/3/2018,7_2,mowing,future,Med_fal,2,1,1,,,,,,,,,
2018,9/3/2018,7_2,mowing,future,Med_fal,2,2,3,,,,,,,,,
2018,9/3/2018,7_2,mowing,future,Med_fal,2,3,3,,,,,,,,,
2018,9/3/2018,7_3,grazing,future,Med_fal,2,1,6,,,,,,,,,
2018,9/3/2018,7_3,grazing,future,Med_fal,2,2,0,,flower,,,,,,,
2018,9/3/2018,7_3,grazing,future,Med_fal,2,3,0,,flower,,,,,,,
2018,9/3/2018,7_3,grazing,future,Med_fal,2,4,0,,flower,,,,,,,
2018,9/3/2018,7_3,grazing,future,Med_fal,1,1,4,,,,,,,,,
2018,9/3/2018,7_3,grazing,future,Med_fal,1,2,3,,,,,,,,,
2018,9/3/2018,7_3,grazing,future,Med_fal,1,3,1,,,,,,,,,
2018,9/3/2018,8_2,grazing,ambient,Med_fal,2,1,4,,,,,,,,,
2018,9/3/2018,8_2,grazing,ambient,Med_fal,2,2,1,,,,,,,,,
2018,9/3/2018,8_2,grazing,ambient,Med_fal,2,1,5,,,,,,,,,
2018,9/3/2018,8_2,grazing,ambient,Med_fal,2,2,2,,,,,,,,,
2018,9/3/2018,8_2,grazing,ambient,Med_fal,2,3,5,,,,,,,,,
2018,9/3/2018,8_3,mowing,ambient,Med_fal,1,1,3,,,,,,,,,
2018,9/3/2018,8_3,mowing,ambient,Med_fal,1,2,2,,,,,,,,,
2018,9/3/2018,8_3,mowing,ambient,Med_fal,1,3,2,,,,,,,,,
2018,9/3/2018,8_3,mowing,ambient,Med_fal,1,4,5,,,,,,,,,
2018,9/3/2018,8_3,mowing,ambient,Med_fal,2,1,2,,,,,,,,,
2018,9/3/2018,8_3,mowing,ambient,Med_fal,2,2,4,,,,,,,,,
2018,9/3/2018,8_3,mowing,ambient,Med_fal,2,3,3,,,,,,,,,
2018,9/3/2018,8_3,mowing,ambient,Med_fal,2,4,3,,,,,,,,,
2018,9/3/2018,8_3,mowing,ambient,Med_fal,2,5,3,,,,,,,,,
2018,9/3/2018,8_3,mowing,ambient,Med_fal,2,6,2,,,,,,,,,
2018,9/3/2018,8_3,mowing,ambient,Med_fal,2,7,5,,,,,,,,,
2018,9/3/2018,9_1,mowing,future,Med_fal,1,1,1,,,,,,,,,
2018,9/3/2018,9_1,mowing,future,Med_fal,1,2,1,,,,,,,,,
2018,9/3/2018,9_1,mowing,future,Med_fal,1,3,1,,,,,,,,,
2018,9/3/2018,9_1,mowing,future,Med_fal,2,1,1,,,,,,,,,
2018,9/3/2018,9_1,mowing,future,Med_fal,2,2,7,,,,,,,,,
2018,9/3/2018,9_4,grazing,future,Med_fal,2,1,2,,,,,,,,,
2018,9/3/2018,9_4,grazing,future,Med_fal,2,2,1,,,,,,,,,
2018,9/3/2018,9_4,grazing,future,Med_fal,2,3,3,,,,,,,,,
2018,9/3/2018,9_4,grazing,future,Med_fal,2,4,4,,,,,,,,,
2018,9/3/2018,9_4,grazing,future,Med_fal,1,1,1,,,,,,,,,
2018,9/3/2018,9_4,grazing,future,Med_fal,1,2,2,,,,,,,,,
2019,12/9/2019,1_1,mowing,ambient,Med_fal,1,1,3,,,,,,,,,
2019,12/9/2019,1_1,mowing,ambient,Med_fal,1,2,3,,,,,,,,,
2019,12/9/2019,1_1,mowing,ambient,Med_fal,1,3,1,,,,,,,,,
2019,12/9/2019,1_1,mowing,ambient,Med_fal,1,4,3,,,,,,,,,
2019,12/9/2019,1_1,mowing,ambient,Med_fal,1,1,2,,,,,,,,,
2019,12/9/2019,1_1,mowing,ambient,Med_fal,1,2,3,,,,,,,,,
2019,12/9/2019,1_1,mowing,ambient,Med_fal,1,3,5,,,,,,,,,
2019,12/9/2019,1_3,grazing,ambient,Med_fal,2,,1,,,,,,,,,
2019,12/9/2019,1_3,grazing,ambient,Med_fal,1,1,1,,,,,,,,,
2019,12/9/2019,1_3,grazing,ambient,Med_fal,1,2,1,,,,,,,,,
2019,12/9/2019,1_3,grazing,ambient,Med_fal,1,3,2,,,,,,,,,
2019,12/9/2019,1_3,grazing,ambient,Med_fal,1,4,1,,,,,,,,,
2019,12/9/2019,10_1,grazing,ambient,Med_fal,1,,5,,,,,,,,,
2019,12/9/2019,10_1,grazing,ambient,Med_fal,2,1,3,,,,,,,,,
2019,12/9/2019,10_1,grazing,ambient,Med_fal,2,2,4,,,,,,,,,
2019,12/9/2019,10_2,mowing,ambient,Med_fal,1,1,3,,,,,,,,,
2019,12/9/2019,10_2,mowing,ambient,Med_fal,1,2,2,,,,,,,,,
2019,12/9/2019,10_2,mowing,ambient,Med_fal,1,3,2,,,,,,,,,
2019,12/9/2019,2_2,grazing,future,Med_fal,2,,2,,,,,,,,,
2019,12/9/2019,2_2,grazing,future,Med_fal,1,1,8,,,,,,,,,
2019,12/9/2019,2_2,grazing,future,Med_fal,1,2,4,,,,,,,,,
2019,12/9/2019,2_2,grazing,future,Med_fal,1,3,4,,,,,,,,,
2019,12/9/2019,2_2,grazing,future,Med_fal,1,4,2,,,,,,,,,
2019,12/9/2019,2_5,mowing,future,Med_fal,1,,3,,,,,,,,,
2019,12/9/2019,2_5,mowing,future,Med_fal,2,1,4,,,,,,,,,
2019,12/9/2019,2_5,mowing,future,Med_fal,2,2,4,,,,,,,,,
2019,12/9/2019,2_5,mowing,future,Med_fal,2,3,3,,,,,,,,,
2019,12/9/2019,2_5,mowing,future,Med_fal,1,1,1,,,,,,,,,
2019,12/9/2019,2_5,mowing,future,Med_fal,1,2,1,,,,,,,,,
2019,12/9/2019,3_4,mowing,ambient,Med_fal,1,1,2,,,,,,,,,
2019,12/9/2019,3_4,mowing,ambient,Med_fal,1,2,5,,,,,,,,,
2019,12/9/2019,3_4,mowing,ambient,Med_fal,,,2,,,,,,,,,
2019,12/9/2019,3_4,mowing,ambient,Med_fal,,,5,,,,,,,,,
2019,12/9/2019,3_5,grazing,ambient,Med_fal,1,1,4,,,,,,,,,
2019,12/9/2019,3_5,grazing,ambient,Med_fal,1,2,4,,,,,,,,,
2019,12/9/2019,3_5,grazing,ambient,Med_fal,1,3,1,,,,,,,,,
2019,12/9/2019,3_5,grazing,ambient,Med_fal,1,4,4,,,,,,,,,
2019,12/9/2019,3_5,grazing,ambient,Med_fal,1,5,3,,,,,,,,,
2019,12/9/2019,4_4,mowing,future,Med_fal,2,1,1,,,,,,,,,
2019,12/9/2019,4_4,mowing,future,Med_fal,2,2,1,,,,,,,,,
2019,12/9/2019,4_4,mowing,future,Med_fal,,,2,,,,,,,,,
2019,12/9/2019,4_5,grazing,future,Med_fal,2,1,3,,,,,,,,,
2019,12/9/2019,4_5,grazing,future,Med_fal,2,2,2,,,,,,,,,
2019,12/9/2019,4_5,grazing,future,Med_fal,1,1,4,,,,,,,,,
2019,12/9/2019,4_5,grazing,future,Med_fal,1,2,4,,,,,,,,,
2019,12/9/2019,5_4,grazing,ambient,Med_fal,2,,4,,,,,,,,,
2019,12/9/2019,5_4,grazing,ambient,Med_fal,1,1,2,,,,,,,,,
2019,12/9/2019,5_4,grazing,ambient,Med_fal,1,2,2,,,,,,,,,
2019,12/9/2019,5_4,grazing,ambient,Med_fal,1,3,0,,,,,,,,,
2019,12/9/2019,5_4,grazing,ambient,Med_fal,1,1,6,,,,,Plot_5_3?,,,,
2019,12/9/2019,5_4,grazing,ambient,Med_fal,1,2,4,,,,,Plot_5_3?,,,,
2019,12/9/2019,5_5,mowing,ambient,Med_fal,1,1,6,,,,,,,,,
2019,12/9/2019,5_5,mowing,ambient,Med_fal,1,2,9,,,,,,,,,
2019,12/9/2019,5_5,mowing,ambient,Med_fal,1,3,2,,,,,,,,,
2019,12/9/2019,5_5,mowing,ambient,Med_fal,1,1,1,,,,,,,,,
2019,12/9/2019,5_5,mowing,ambient,Med_fal,1,2,1,,,,,,,,,
2019,12/9/2019,5_5,mowing,ambient,Med_fal,1,3,2,,,,,,,,,
2019,12/9/2019,6_1,grazing,future,Med_fal,2,1,1,,,,,,,,,
2019,12/9/2019,6_1,grazing,future,Med_fal,2,2,2,,,,,,,,,
2019,12/9/2019,6_1,grazing,future,Med_fal,1,,2,,,,,,,,,
2019,12/9/2019,6_3,mowing,future,Med_fal,1,1,3,,,,,,,,,
2019,12/9/2019,6_3,mowing,future,Med_fal,1,2,3,,,,,,,,,
2019,12/9/2019,6_3,mowing,future,Med_fal,1,3,3,,,,,,,,,
2019,12/9/2019,6_3,mowing,future,Med_fal,1,4,1,,,,,,,,,
2019,12/9/2019,7_2,mowing,future,Med_fal,1,1,5,,,,,,,,,
2019,12/9/2019,7_2,mowing,future,Med_fal,1,2,7,,,,,,,,,
2019,12/9/2019,7_2,mowing,future,Med_fal,1,3,4,,,,,,,,,
2019,12/9/2019,7_2,mowing,future,Med_fal,1,4,9,,,,,,,,,
2019,12/9/2019,7_2,mowing,future,Med_fal,1,5,3,,,,,,,,,
2019,12/9/2019,7_2,mowing,future,Med_fal,1,6,2,,,,,,,,,
2019,12/9/2019,7_2,mowing,future,Med_fal,2,1,1,,,,,,,,,
2019,12/9/2019,7_2,mowing,future,Med_fal,2,2,4,,,,,,,,,
2019,12/9/2019,7_2,mowing,future,Med_fal,2,3,3,,,,,,,,,
2019,12/9/2019,7_3,grazing,future,Med_fal,1,1,3,,,,,,,,,
2019,12/9/2019,7_3,grazing,future,Med_fal,1,2,4,,,,,,,,,
2019,12/9/2019,7_3,grazing,future,Med_fal,1,1,1,,,,,,,,,
2019,12/9/2019,7_3,grazing,future,Med_fal,1,2,3,,,,,,,,,
2019,12/9/2019,7_3,grazing,future,Med_fal,1,3,2,,,,,,,,,
2019,12/9/2019,8_2,grazing,ambient,Med_fal,2,1,5,,,,,,,,,
2019,12/9/2019,8_2,grazing,ambient,Med_fal,2,2,2,,,,,,,,,
2019,12/9/2019,8_2,grazing,ambient,Med_fal,1,,3,,,,,,,,,
2019,12/9/2019,8_3,mowing,ambient,Med_fal,2,1,2,,,,,,,,,
2019,12/9/2019,8_3,mowing,ambient,Med_fal,2,2,6,,,,,,,,,
2019,12/9/2019,8_3,mowing,ambient,Med_fal,2,3,7,,,,,,,,,
2019,12/9/2019,8_3,mowing,ambient,Med_fal,1,1,2,,,,,,,,,
2019,12/9/2019,8_3,mowing,ambient,Med_fal,1,2,5,,,,,,,,,
2019,12/9/2019,8_3,mowing,ambient,Med_fal,1,3,3,,,,,,,,,
2019,12/9/2019,9_1,mowing,future,Med_fal,2,1,5,,,,,,,,,
2019,12/9/2019,9_1,mowing,future,Med_fal,2,2,1,,,,,,,,,
2019,12/9/2019,9_1,mowing,future,Med_fal,2,3,2,,,,,,,,,
2019,12/9/2019,9_1,mowing,future,Med_fal,2,4,2,,,,,,,,,
2019,12/9/2019,9_1,mowing,future,Med_fal,1,,3,,,,,,,,,
2019,12/9/2019,9_4,grazing,future,Med_fal,1,1,3,,,,,,,,,
2019,12/9/2019,9_4,grazing,future,Med_fal,1,2,5,,,,,,,,,
2019,12/9/2019,9_4,grazing,future,Med_fal,1,,1,,,,,,,,,
2018,8/16/2018,1_1,mowing,ambient,Pla_lan,1,1,27,,,,,,,,,
2018,8/16/2018,1_1,mowing,ambient,Pla_lan,2,1,38,,,,,,,,,
2018,8/16/2018,1_1,mowing,ambient,Pla_lan,3,1,17,,,,,,,,,
2018,8/16/2018,1_3,grazing,ambient,Pla_lan,2,1,60,,,,,,,,,
2018,8/16/2018,1_3,grazing,ambient,Pla_lan,1,1,44,,,,,some_fell_off_probably,,,,
2018,8/16/2018,1_3,grazing,ambient,Pla_lan,3,1,63,,,,,,,,,
2018,8/16/2018,10_1,grazing,ambient,Pla_lan,2,1,15,,,,,,,,,
2018,8/16/2018,10_1,grazing,ambient,Pla_lan,1,1,32,,,,,,,,,
2018,8/16/2018,10_2,mowing,ambient,Pla_lan,1,1,10,,,,,,,,,
2018,8/16/2018,10_2,mowing,ambient,Pla_lan,2,1,55,,,,,,,,,
2018,8/16/2018,2_2,grazing,future,Pla_lan,2,1,33,,,,,,,,,
2018,8/16/2018,2_2,grazing,future,Pla_lan,1,1,10,,,,,,,,,
2018,8/16/2018,2_2,grazing,future,Pla_lan,3,1,26,,,,,,,,,
2018,8/16/2018,2_5,mowing,future,Pla_lan,2,1,62,,,,,,,,,
2018,8/16/2018,2_5,mowing,future,Pla_lan,1,1,61,,,,,,,,,
2018,8/16/2018,2_5,mowing,future,Pla_lan,3,1,44,,,,,,,,,
2018,8/16/2018,3_4,mowing,ambient,Pla_lan,2,1,59,,,,,,,,,
2018,8/16/2018,3_4,mowing,ambient,Pla_lan,3,1,78,,,,,,,,,
2018,8/16/2018,3_4,mowing,ambient,Pla_lan,1,1,71,,,,,,,,,
2018,8/16/2018,3_5,grazing,ambient,Pla_lan,2,1,82,,,,,,,,,
2018,8/16/2018,3_5,grazing,ambient,Pla_lan,1,1,62,,,,,,,,,
2018,8/16/2018,3_5,grazing,ambient,Pla_lan,3,1,58,,,,,,,,,
2018,8/16/2018,4_4,mowing,future,Pla_lan,1,1,67,,,,,,,,,
2018,8/16/2018,4_4,mowing,future,Pla_lan,3,1,98,,,,,,,,,
2018,8/16/2018,4_4,mowing,future,Pla_lan,2,1,31,,,,,,,,,
2018,8/16/2018,4_5,grazing,future,Pla_lan,3,1,34,,,,,,,,,
2018,8/16/2018,4_5,grazing,future,Pla_lan,2,1,47,,,,,,,,,
2018,8/16/2018,4_5,grazing,future,Pla_lan,1,1,56,,,,,,,,,
2018,8/16/2018,5_4,grazing,ambient,Pla_lan,3,1,22,,,,,,,,,
2018,8/16/2018,5_4,grazing,ambient,Pla_lan,1,1,13,,,,,,,,,
2018,8/16/2018,5_4,grazing,ambient,Pla_lan,2,1,21,,,,,,,,,
2018,8/16/2018,5_5,mowing,ambient,Pla_lan,1,1,33,,,,,,,,,
2018,8/16/2018,5_5,mowing,ambient,Pla_lan,2,1,24,,,,,,,,,
2018,8/16/2018,5_5,mowing,ambient,Pla_lan,3,1,21,,,,,,,,,
2018,8/16/2018,6_1,grazing,future,Pla_lan,3,1,18,,,,,,,,,
2018,8/16/2018,6_1,grazing,future,Pla_lan,2,1,35,,,,,,,,,
2018,8/16/2018,6_1,grazing,future,Pla_lan,1,1,43,,,,,,,,,
2018,8/16/2018,6_3,mowing,future,Pla_lan,2,1,72,,,,,,,,,
2018,8/16/2018,6_3,mowing,future,Pla_lan,1,1,65,,,,,,,,,
2018,8/16/2018,6_3,mowing,future,Pla_lan,3,1,102,,,,,edge,,,,
2018,8/16/2018,8_2,grazing,ambient,Pla_lan,1,1,56,,,,,,,,,
2018,8/16/2018,8_2,grazing,ambient,Pla_lan,2,1,54,,,,,,,,,
2018,8/16/2018,8_3,mowing,ambient,Pla_lan,2,1,45,,,,,,,,,
2018,8/16/2018,8_3,mowing,ambient,Pla_lan,2,1,39,,,,,,,,,
2018,8/16/2018,9_1,mowing,future,Pla_lan,2,1,53,,,,,,,,,
2018,8/16/2018,9_1,mowing,future,Pla_lan,1,1,76,,,,,,,,,
2018,8/16/2018,9_4,grazing,future,Pla_lan,1,1,64,,,,,,,,,
2018,8/16/2018,9_4,grazing,future,Pla_lan,2,1,41,,,,,,,,,
2019,16/8/2019,2_5,mowing,future,Pla_lan,1,,27,,,,,,,,,
2019,16/8/2019,2_5,mowing,future,Pla_lan,1,,11,,,,,,,,,
2019,16/8/2019,2_5,mowing,future,Pla_lan,2,,37,,,,,,,,,
2019,16/8/2019,3_4,mowing,ambient,Pla_lan,1,,15,,,,,Plot_3_2?,,,,
2019,16/8/2019,3_5,grazing,ambient,Pla_lan,4,,14,,,,,,,,,
2019,16/8/2019,3_5,grazing,ambient,Pla_lan,3,,10,,,,,,,,,
2019,16/8/2019,3_5,grazing,ambient,Pla_lan,2,,7,,,,,,,,,
2019,16/8/2019,3_5,grazing,ambient,Pla_lan,1,,20,,,,,,,,,
2019,16/8/2019,4_4,mowing,future,Pla_lan,2,,14,,,,,,,1,,
2019,16/8/2019,4_4,mowing,future,Pla_lan,2,,32,,,,,,,,,
2019,16/8/2019,4_5,grazing,future,Pla_lan,1,,10,,,,,,,1,,
2019,16/8/2019,4_5,grazing,future,Pla_lan,3,,10,,,,,,,,,
2019,16/8/2019,6_3,mowing,future,Pla_lan,2,,133,,,,,,,,,
2019,16/8/2019,6_3,mowing,future,Pla_lan,1,,84,,,,,,,1,,
2019,16/8/2019,8_3,mowing,ambient,Pla_lan,2,,16,,,,,,,1,,
2019,16/8/2019,8_3,mowing,ambient,Pla_lan,1,,87,,,,,,,1,,
2019,16/8/2019,9_1,mowing,future,Pla_lan,1,,73,,,,,,,1,,
2019,16/8/2019,9_1,mowing,future,Pla_lan,2,,30,,,,,,ggf_ fehlen welche?,1,,
2020,6/3/2020,1_1,mowing,ambient,Pla_lan,1,,54,,,,,,,,,
2020,6/3/2020,1_1,mowing,ambient,Pla_lan,2,,47,,,,,,,,,
2020,6/3/2020,2_5,mowing,future,Pla_lan,1,,75,,,,,,,,,
2020,6/3/2020,2_5,mowing,future,Pla_lan,2,,63,,,,,,,,,
2020,6/2/2020,3_4,mowing,ambient,Pla_lan,2,,80,,,,,,,,,
2020,6/2/2020,3_4,mowing,ambient,Pla_lan,1,,69,,,,,,,,,
2020,6/2/2020,7_2,mowing,future,Pla_lan,,,49,,,,,,,,,
2020,6/2/2020,8_3,mowing,ambient,Pla_lan,1,,109,,,,,,,,,
2020,6/2/2020,8_3,mowing,ambient,Pla_lan,2,,74,,,,,,,,,
2020,6/2/2020,10_2,mowing,ambient,Pla_lan,1,,61,,,,,,,,,
2020,6/2/2020,10_2,mowing,ambient,Pla_lan,2,,49,,,,,,,,,
2020,8/10/2020,5_5,mowing,ambient,Pla_lan,2,,16,,,,,,,,,
2020,8/11/2020,7_2,mowing,future,Pla_lan,2,,69,,,,,,,,,
2020,8/11/2020,7_2,mowing,future,Pla_lan,1,,25,,,,,,,,,
2020,8/11/2020,8_3,mowing,ambient,Pla_lan,2,,42,,,,,,,,,
2020,8/11/2020,8_3,mowing,ambient,Pla_lan,1,,83,,,,,,,,,
2020,8/10/2020,5_5,mowing,ambient,Pla_lan,1,,25,,,,,,,,,
2020,8/11/2020,2_5,mowing,future,Pla_lan,1,,35,,,,,,,,,
2020,8/11/2020,1_1,mowing,ambient,Pla_lan,1,,48,,,,,,,,,
2020,8/11/2020,1_1,mowing,ambient,Pla_lan,2,,18,,,,,,,,,
2020,8/11/2020,3_4,mowing,ambient,Pla_lan,1,,14,,,,,,,,,
2020,8/11/2020,3_4,mowing,ambient,Pla_lan,2,,24,,,,,,,,,
2020,8/11/2020,4_4,mowing,future,Pla_lan,1,,49,,,,,,,,,
2020,8/11/2020,4_4,mowing,future,Pla_lan,2,,62,,,,,,,,,
2020,8/10/2020,7_3,grazing,future,Pla_lan,1,,45,,,,,,,,,
2020,8/11/2020,8_2,grazing,ambient,Pla_lan,1,,21,,,,,,,,,
2020,8/11/2020,8_2,grazing,ambient,Pla_lan,2,,31,,,,,,,,,
2020,8/11/2020,4_5,grazing,future,Pla_lan,1,,42,,,,,,,,,
2020,8/11/2020,3_5,grazing,ambient,Pla_lan,1,,24,,,,,,,,,
2020,8/11/2020,3_5,grazing,ambient,Pla_lan,2,,36,,,,,,,,,
2020,6/9/2020,3_5,grazing,ambient,Pla_lan,1,,40,,,,,,,,,
2020,6/9/2020,3_5,grazing,ambient,Pla_lan,2,,48,,,,,,,,,
2020,6/9/2020,4_5,grazing,future,Pla_lan,1,,68,,,,,,,,,
2020,6/9/2020,4_5,grazing,future,Pla_lan,2,,79,,,,,,,,,
2020,6/9/2020,8_2,grazing,ambient,Pla_lan,1,,31,,,,,,,,,
2020,6/9/2020,8_2,grazing,ambient,Pla_lan,2,,41,,,,,,,,,
2021,8/18/2021,1_1,mowing,ambient,Pla_lan,2,,71,0,,0,1,,,,,
2021,8/18/2021,1_1,mowing,ambient,Pla_lan,1,,26,0,,0,0,not ripe,,,,
2021,8/18/2021,1_3,grazing,ambient,Pla_lan,2,,39,0,,0,1,,,,,
2021,8/18/2021,1_3,grazing,ambient,Pla_lan,1,,0,47,,0,0,not ripe can not count normal,,,,
2021,8/18/2021,10_1,grazing,ambient,Pla_lan,1,,21,0,,0,1,,,,,
2021,8/18/2021,10_1,grazing,ambient,Pla_lan,2,,0,19,,0,0,not ripe can not count normal,,,,
2021,8/18/2021,10_2,mowing,ambient,Pla_lan,2,,0,48,,0,0,not ripe can not count normal,,,,
2021,8/18/2021,10_2,mowing,ambient,Pla_lan,1,,86,0,,0,1,,,,,
2021,8/18/2021,2_2,grazing,future,Pla_lan,2,,103,0,,0,1,,,,,
2021,8/18/2021,2_2,grazing,future,Pla_lan,1,,61,0,,0,1,,,,,
2021,8/18/2021,2_5,mowing,future,Pla_lan,2,,112,2,,0,1,,,,,
2021,8/18/2021,2_5,mowing,future,Pla_lan,1,,101,0,,0,1,lost a lot of seeds when putting them back in bag,,,,
2021,8/18/2021,3_4,mowing,ambient,Pla_lan,2,,0,53,,0,0,not ripe can not count normal,,,,
2021,8/18/2021,3_4,mowing,ambient,Pla_lan,1,,0,42,,0,0,not ripe can not count normal,,,,
2021,8/18/2021,3_5,grazing,ambient,Pla_lan,2,,0,69,,0,0,partly still flowers,,,,
2021,8/18/2021,3_5,grazing,ambient,Pla_lan,1,,105,0,,0,1,,,,,
2021,8/18/2021,4_4,mowing,future,Pla_lan,2,,82,0,,0,1,,,,,
2021,8/18/2021,4_4,mowing,future,Pla_lan,1,,120,0,,0,1,,,,,
2021,8/18/2021,4_5,grazing,future,Pla_lan,1,,23,0,,0,1,,,,,
2021,8/18/2021,4_5,grazing,future,Pla_lan,2,,0,50,,0,0,not ripe can not count normal,,,,
2021,8/18/2021,5_4,grazing,ambient,Pla_lan,1,,0,45,,0,0,not ripe can not count normal,,,,
2021,8/18/2021,5_5,mowing,ambient,Pla_lan,2,,59,0,,0,1,,,,,
2021,8/18/2021,5_5,mowing,ambient,Pla_lan,1,,0,42,,0,0,not ripe can not count normal,,,,
2021,8/18/2021,6_1,grazing,future,Pla_lan,2,,101,0,,0,1,,,,,
2021,8/18/2021,6_1,grazing,future,Pla_lan,1,,50,0,,0,1,,,,,
2021,8/18/2021,6_3,mowing,future,Pla_lan,1,,78,0,,0,1,,,,,
2021,8/18/2021,6_3,mowing,future,Pla_lan,2,,54,0,,0,1,,,,,
2021,8/18/2021,7_2,mowing,future,Pla_lan,2,,63,0,,0,1,,,,,
2021,8/18/2021,7_2,mowing,future,Pla_lan,1,,50,0,,0,0,not ripe,,,,
2021,8/18/2021,7_3,grazing,future,Pla_lan,1,,15,0,,0,1,,,,,
2021,8/18/2021,7_3,grazing,future,Pla_lan,1,,87,0,,0,1,,,,,
2021,8/18/2021,8_2,grazing,ambient,Pla_lan,1,,101,0,,0,1,"lost one, maybe not quite ripe",,,,
2021,8/18/2021,8_2,grazing,ambient,Pla_lan,2,,38,0,,0,1,,,,,
2021,8/18/2021,8_3,mowing,ambient,Pla_lan,2,,49,0,,0,1,,,,,
2021,8/18/2021,8_3,mowing,ambient,Pla_lan,1,,53,0,,0,1,,,,,
2021,8/18/2021,9_1,mowing,future,Pla_lan,2,,30,0,,0,1,,,,,
2021,8/18/2021,9_1,mowing,future,Pla_lan,1,,0,66,,0,0,multiplay caps by 2,,,,
2021,8/18/2021,9_4,grazing,future,Pla_lan,2,,44,0,,0,0,,,,,
2021,8/18/2021,9_4,grazing,future,Pla_lan,1,,59,0,,0,1,,,,,
2018,8/16/2018,1_1,mowing,ambient,Sca_och,2,1,52,,,,,,,,,
2018,8/16/2018,1_1,mowing,ambient,Sca_och,1,1,36,,,,,,,,,
2018,8/16/2018,1_3,grazing,ambient,Sca_och,1,1,52,,,,,,,,,
2018,8/16/2018,1_3,grazing,ambient,Sca_och,2,1,48,,,,,,,,,
2018,8/16/2018,10_1,grazing,ambient,Sca_och,1,1,79,,,,,,,,,
2018,8/16/2018,10_1,grazing,ambient,Sca_och,2,1,62,,,,,,,,,
2018,8/16/2018,10_2,mowing,ambient,Sca_och,2,1,58,,,,,,,,,
2018,8/16/2018,10_2,mowing,ambient,Sca_och,1,1,44,,,,,,,,,
2018,8/16/2018,10_2,mowing,ambient,Sca_och,2,1,49,,,,,,,,,
2018,8/16/2018,10_2,mowing,ambient,Sca_och,1,1,56,,,,,,,,,
2018,8/16/2018,2_2,grazing,future,Sca_och,1,1,67,,,,,,,,,
2018,8/16/2018,2_2,grazing,future,Sca_och,2,1,65,,,,,,,,,
2018,8/16/2018,2_5,mowing,future,Sca_och,1,1,33,,,,,,,,,
2018,8/16/2018,2_5,mowing,future,Sca_och,2,1,53,,,,,,,,,
2018,8/16/2018,3_4,mowing,ambient,Sca_och,1,1,44,,,,,,,,,
2018,8/16/2018,3_4,mowing,ambient,Sca_och,2,1,50,,,,,,,,,
2018,8/16/2018,3_5,grazing,ambient,Sca_och,2,1,43,,,,,,,,,
2018,8/16/2018,3_5,grazing,ambient,Sca_och,1,1,45,,,,,,,,,
2018,8/16/2018,4_4,mowing,future,Sca_och,2,1,42,,,,,,,,,
2018,8/16/2018,4_4,mowing,future,Sca_och,1,1,48,,,,,,,,,
2018,8/16/2018,4_5,grazing,future,Sca_och,2,1,50,,,,,,,,,
2018,8/16/2018,4_5,grazing,future,Sca_och,1,1,48,,,,,,,,,
2018,8/16/2018,5_4,grazing,ambient,Sca_och,2,1,60,,,,,,,,,
2018,8/16/2018,5_4,grazing,ambient,Sca_och,1,1,66,,,,,,,,,
2018,8/16/2018,5_5,mowing,ambient,Sca_och,2,1,61,,,,,,,,,
2018,8/16/2018,5_5,mowing,ambient,Sca_och,1,1,50,,,,,,,,,
2018,8/16/2018,6_1,grazing,future,Sca_och,1,1,50,,,,,,,,,
2018,8/16/2018,6_1,grazing,future,Sca_och,2,1,52,,,,,,,,,
2018,8/16/2018,6_3,mowing,future,Sca_och,1,1,50,,,,,,,,,
2018,8/16/2018,6_3,mowing,future,Sca_och,2,1,56,,,,,,,,,
2018,8/16/2018,7_2,mowing,future,Sca_och,2,1,44,,,,,,,,,
2018,8/16/2018,7_2,mowing,future,Sca_och,1,1,60,,,,,,,,,
2018,8/16/2018,7_3,grazing,future,Sca_och,1,1,40,,,,,,,,,
2018,8/16/2018,7_3,grazing,future,Sca_och,2,1,50,,,,,,,,,
2018,8/16/2018,8_2,grazing,ambient,Sca_och,2,1,70,,,,,,,,,
2018,8/16/2018,8_2,grazing,ambient,Sca_och,1,1,48,,,,,,,,,
2018,8/16/2018,8_3,mowing,ambient,Sca_och,2,1,44,,,,,,,,,
2018,8/16/2018,8_3,mowing,ambient,Sca_och,1,1,73,,,,,,,,,
2018,8/16/2018,9_1,mowing,future,Sca_och,2,1,31,,,,,,,,,
2018,8/16/2018,9_1,mowing,future,Sca_och,1,1,55,,,,,,,,,
2018,8/16/2018,9_4,grazing,future,Sca_och,2,2,51,,,,,,,,,
2018,8/16/2018,9_4,grazing,future,Sca_och,1,1,43,,,,,,,,,
2019,12/9/2019,1_3,grazing,ambient,Sca_och,1,,36,,,,,,,,,
2019,12/9/2019,1_3,grazing,ambient,Sca_och,2,,68,,,,,,,,,
2019,12/9/2019,10_1,grazing,ambient,Sca_och,2,,57,,,,,,,,,
2019,12/9/2019,10_1,grazing,ambient,Sca_och,1,,40,,,,,,,,,
2019,12/9/2019,2_2,grazing,future,Sca_och,2,,50,,,,,,,,,
2019,12/9/2019,2_2,grazing,future,Sca_och,1,,45,,,,,,,,,
2019,12/9/2019,3_5,grazing,ambient,Sca_och,2,,58,,,,,,,,,
2019,12/9/2019,3_5,grazing,ambient,Sca_och,1,,28,,,,,,,,,
2019,12/9/2019,4_5,grazing,future,Sca_och,2,,50,,,,,,,,,
2019,12/9/2019,4_5,grazing,future,Sca_och,1,,63,,,,,,,,,
2019,12/9/2019,5_4,grazing,ambient,Sca_och,1,,40,,,,,,,,,
2019,12/9/2019,5_4,grazing,ambient,Sca_och,2,,53,,,,,,,,,
2019,12/9/2019,6_1,grazing,future,Sca_och,1,,41,,,,,,,,,
2019,12/9/2019,6_1,grazing,future,Sca_och,2,,52,,,,,,,,,
2019,12/9/2019,7_3,grazing,future,Sca_och,2,,43,,,,,,,,,
2019,12/9/2019,7_3,grazing,future,Sca_och,1,,52,,,,,,,,,
2019,12/9/2019,8_2,grazing,ambient,Sca_och,2,,53,,,,,,,,,
2019,12/9/2019,8_2,grazing,ambient,Sca_och,1,,33,,,,,,,,,
2019,12/9/2019,9_4,grazing,future,Sca_och,1,,58,,,,,,,,,
2019,12/9/2019,9_4,grazing,future,Sca_och,2,,53,,,,,,,,,
2020,6/3/2020,2_5,mowing,future,Sca_och,,,100,,,,,,,,,
2020,6/2/2020,4_4,mowing,future,Sca_och,,,48,,,,,,,,,
2020,8/10/2020,6_3,mowing,future,Sca_och,2,,53,,,,,,,,,
2020,8/10/2020,6_3,mowing,future,Sca_och,1,,58,,,,,,,,,
2020,8/11/2020,8_3,mowing,ambient,Sca_och,1,,51,,,,,,,,,
2020,8/11/2020,7_2,mowing,future,Sca_och,2,,63,,,,,,,,,
2020,8/11/2020,7_2,mowing,future,Sca_och,1,,60,,,,,,,,,
2020,8/11/2020,8_3,mowing,ambient,Sca_och,2,,35,,,,,,,,,
2020,8/10/2020,5_5,mowing,ambient,Sca_och,1,,43,,,,,,,,,
2020,8/11/2020,2_5,mowing,future,Sca_och,1,,59,,,,,,,,,
2020,8/11/2020,2_5,mowing,future,Sca_och,2,,61,,,,,,,,,
2020,8/11/2020,1_1,mowing,ambient,Sca_och,1,,57,,,,,,,,,
2020,8/11/2020,1_1,mowing,ambient,Sca_och,2,,50,,,,,,,,,
2020,8/11/2020,3_4,mowing,ambient,Sca_och,1,,54,,,,,,,,,
2020,8/11/2020,3_4,mowing,ambient,Sca_och,2,,76,,,,,,,,,
2020,8/11/2020,4_4,mowing,future,Sca_och,1,,55,,,,,,,,,
2020,8/11/2020,4_4,mowing,future,Sca_och,2,,54,,,,,,,,,
2020,8/11/2020,5_4,grazing,ambient,Sca_och,1,,73,,,,,,,,,
2020,8/11/2020,5_4,grazing,ambient,Sca_och,2,,59,,,,,,,,,
2020,8/10/2020,6_1,grazing,future,Sca_och,1,,70,,,,,,,,,
2020,8/10/2020,6_1,grazing,future,Sca_och,2,,58,,,,,,,,,
2020,8/10/2020,7_3,grazing,future,Sca_och,1,,52,,,,,,,,,
2020,8/10/2020,7_3,grazing,future,Sca_och,2,,57,,,,,,,,,
2020,8/11/2020,8_2,grazing,ambient,Sca_och,1,,46,,,,,,,,,
2020,8/11/2020,8_2,grazing,ambient,Sca_och,2,,43,,,,,,,,,
2020,8/11/2020,9_4,grazing,future,Sca_och,1,,53,,,,,,,,,
2020,8/11/2020,9_4,grazing,future,Sca_och,2,,51,,,,,,,,,
2020,8/11/2020,10_1,grazing,ambient,Sca_och,1,,37,,,,,,,,,
2020,8/11/2020,10_1,grazing,ambient,Sca_och,2,,38,,,,,,,,,
2020,8/11/2020,4_5,grazing,future,Sca_och,1,,54,,,,,,,,,
2020,8/11/2020,4_5,grazing,future,Sca_och,2,,60,,,,,,,,,
2020,8/11/2020,3_5,grazing,ambient,Sca_och,1,,53,,,,,,,,,
2020,8/11/2020,3_5,grazing,ambient,Sca_och,2,,63,,,,,,,,,
2020,8/11/2020,2_2,grazing,future,Sca_och,1,,55,,,,,,,,,
2020,8/11/2020,2_2,grazing,future,Sca_och,2,,71,,,,,,,,,
2020,8/11/2020,1_3,grazing,ambient,Sca_och,1,,66,,,,,,,,,
2020,8/11/2020,1_3,grazing,ambient,Sca_och,2,,71,,,,,,,,,
2020,8/11/2020,9_1,mowing,future,Sca_och,2,,66,,,,,,,,,
2020,8/11/2020,9_1,mowing,future,Sca_och,1,,46,,,,,,,,,
2020,8/11/2020,10_2,mowing,ambient,Sca_och,1,,34,,,,,,,,,
2020,8/11/2020,10_2,mowing,ambient,Sca_och,2,,55,,,,,,,,,
2020,8/10/2020,5_5,mowing,ambient,Sca_och,2,,70,,,,,,,,,
2021,8/18/2021,1_1,mowing,ambient,Sca_och,1,,57,8,,,,,,,,
2021,8/18/2021,1_1,mowing,ambient,Sca_och,2,,0,49,,0,0,seeds are very light and not ripe i think?,,,,
2021,8/18/2021,1_3,grazing,ambient,Sca_och,1,,27,21,,0,1,,,,,
2021,8/18/2021,1_3,grazing,ambient,Sca_och,1,,31,5,,0,0,unripe,,,,
2021,8/18/2021,10_1,grazing,ambient,Sca_och,1,,0,46,,0,0,unripe,,,,
2021,8/18/2021,10_1,grazing,ambient,Sca_och,2,,0,55,,0,0,unripe,,,,
2021,8/18/2021,10_2,mowing,ambient,Sca_och,1,,18,17,,0,0,unripe,,,,
2021,8/18/2021,10_2,mowing,ambient,Sca_och,2,,52,0,,0,0,unripe,,,,
2021,8/18/2021,2_2,grazing,future,Sca_och,1,,41,25,,0,1,,,,,
2021,8/18/2021,2_2,grazing,future,Sca_och,2,,47,12,,0,1,,,,,
2021,8/18/2021,2_5,mowing,future,Sca_och,1,,20,15,,0,1,,,,,
2021,8/18/2021,2_5,mowing,future,Sca_och,2,,27,17,,0,1,,,,,
2021,8/18/2021,3_4,mowing,ambient,Sca_och,1,,0,42,,0,0,unripe,,,,
2021,8/18/2021,3_4,mowing,ambient,Sca_och,2,,0,45,,0,0,unripe ,,,,
2021,8/18/2021,3_5,grazing,ambient,Sca_och,1,,55,12,,0,1,,,,,
2021,8/18/2021,3_5,grazing,ambient,Sca_och,2,,32,9,,0,1,lost 1,,,,
2021,8/18/2021,4_4,mowing,future,Sca_och,2,,44,0,,0,0,unripe,,,,
2021,8/18/2021,4_4,mowing,future,Sca_och,1,,28,0,,0,0,unripe,,,,
2021,8/18/2021,4_5,grazing,future,Sca_och,1,,0,54,,0,0,unripe,,,,
2021,8/18/2021,4_5,grazing,future,Sca_och,1,,37,28,,0,1,1 flower ,,,,
2021,8/18/2021,5_4,grazing,ambient,Sca_och,1,,34,15,,0,1,,,,,
2021,8/18/2021,5_4,grazing,ambient,Sca_och,2,,55,15,,0,1,,,,,
2021,8/18/2021,5_5,mowing,ambient,Sca_och,1,,20,10,,0,0,unripe,,,,
2021,8/18/2021,5_5,mowing,ambient,Sca_och,2,,32,11,,0,0,unripe,,,,
2021,8/18/2021,6_1,grazing,future,Sca_och,1,,26,16,,0,0,,,,,
2021,8/18/2021,6_1,grazing,future,Sca_och,2,,34,14,,0,1,,,,,
2021,8/18/2021,6_3,mowing,future,Sca_och,1,,22,10,,0,1,,,,,
2021,8/18/2021,6_3,mowing,future,Sca_och,2,,39,14,,0,1,,,,,
2021,8/18/2021,7_2,mowing,future,Sca_och,1,,15,29,,0,1,,,,,
2021,8/18/2021,7_2,mowing,future,Sca_och,2,,37,10,,0,1,,,,,
2021,8/18/2021,7_3,grazing,future,Sca_och,1,,55,12,,0,0,"4 flowers, lost one seed, soory :(",,,,
2021,8/18/2021,7_3,grazing,future,Sca_och,2,,66,5,,0,1,,,,,
2021,8/18/2021,8_2,grazing,ambient,Sca_och,1,,43,4,,0,1,,,,,
2021,8/18/2021,8_2,grazing,ambient,Sca_och,2,,21,14,,0,1,,,,,
2021,8/18/2021,8_3,mowing,ambient,Sca_och,1,,30,0,,0,0,1 flower all seeds unripe,,,,
2021,8/18/2021,8_3,mowing,ambient,Sca_och,2,,42,7,,0,0,,,,,
2021,8/18/2021,9_1,mowing,future,Sca_och,2,,43,7,,0,0,unripe,,,,
2021,8/18/2021,9_1,mowing,future,Sca_och,1,,45,8,,0,0,unripe and 1 flower,,,,
2021,8/18/2021,9_4,grazing,future,Sca_och,2,,0,53,,0,0,unripe,,,,
2021,8/18/2021,9_4,grazing,future,Sca_och,1,,41,2,,0,1,2 unripe,,,,
2018,6/5/2018,1_1,mowing,ambient,Tra_ori,1,1,108,,,,,,,,,
2018,6/5/2018,1_1,mowing,ambient,Tra_ori,2,1,96,,,,,,,,,
2018,6/5/2018,1_3,grazing,ambient,Tra_ori,1,1,56,,,,,,,,,
2018,6/5/2018,1_3,grazing,ambient,Tra_ori,2,1,74,,,,,,,,,
2018,6/5/2018,10_1,grazing,ambient,Tra_ori,3,1,96,,,,,edge,,,,
2018,6/5/2018,10_1,grazing,ambient,Tra_ori,1,1,43,,,,,edge_probably_maggots,,,,
2018,6/5/2018,10_1,grazing,ambient,Tra_ori,2,1,86,,,,,edge,,,,
2018,6/5/2018,10_2,mowing,ambient,Tra_ori,3,1,85,,,,,,,,,
2018,6/5/2018,10_2,mowing,ambient,Tra_ori,1,1,84,,,,,edge,,,,
2018,6/5/2018,10_2,mowing,ambient,Tra_ori,2,1,0,,,,,maggots_no_seeds,,,,
2018,6/5/2018,2_2,grazing,future,Tra_ori,2,1,72,,,,,,,,,
2018,6/5/2018,2_2,grazing,future,Tra_ori,1,1,67,,,,,,,,,
2018,6/5/2018,2_5,mowing,future,Tra_ori,1,1,85,,,,,,,,,
2018,6/5/2018,2_5,mowing,future,Tra_ori,2,1,72,,,,,,,,,
2018,6/5/2018,3_4,mowing,ambient,Tra_ori,1,1,79,,,,,,,,,
2018,6/5/2018,3_4,mowing,ambient,Tra_ori,2,1,90,,,,,,,,,
2018,6/5/2018,3_5,grazing,ambient,Tra_ori,1,1,0,,,,,maggots_no_seeds,,,,
2018,6/5/2018,3_5,grazing,ambient,Tra_ori,2,1,49,,,,,,,,,
2018,6/5/2018,4_4,mowing,future,Tra_ori,1,1,68,,,,,,,,,
2018,6/5/2018,4_4,mowing,future,Tra_ori,2,1,76,,,,,few_maggots,,,,
2018,6/5/2018,4_5,grazing,future,Tra_ori,1,1,42,,,,,,,,,
2018,6/5/2018,4_5,grazing,future,Tra_ori,2,1,74,,,,,,,,,
2018,6/5/2018,5_4,grazing,ambient,Tra_ori,2,1,82,,,,,,,,,
2018,6/5/2018,5_4,grazing,ambient,Tra_ori,1,1,22,,,,,,,,,
2018,6/5/2018,5_5,mowing,ambient,Tra_ori,2,1,79,,,,,,,,,
2018,6/5/2018,5_5,mowing,ambient,Tra_ori,1,1,89,,,,,,,,,
2018,6/5/2018,6_1,grazing,future,Tra_ori,2,1,83,,,,,,,,,
2018,6/5/2018,6_1,grazing,future,Tra_ori,1,1,45,,,,,,,,,
2018,6/5/2018,6_3,mowing,future,Tra_ori,3,1,117,,,,,,,,,
2018,6/5/2018,6_3,mowing,future,Tra_ori,1,1,80,,,,,edge_maggots,,,,
2018,6/5/2018,7_2,mowing,future,Tra_ori,2,1,0,,,,,maggots_no_seeds,,,,
2018,6/5/2018,7_2,mowing,future,Tra_ori,1,1,60,,,,,,,,,
2018,6/5/2018,7_3,grazing,future,Tra_ori,1,1,0,,,,,maggots_no_seeds,,,,
2018,6/5/2018,8_2,grazing,ambient,Tra_ori,1,1,78,,,,,edge,,,,
2018,6/5/2018,8_2,grazing,ambient,Tra_ori,2,1,104,,,,,,,,,
2018,6/5/2018,8_3,mowing,ambient,Tra_ori,1,1,74,,,,,,,,,
2018,6/5/2018,8_3,mowing,ambient,Tra_ori,2,1,83,,,,,,,,,
2018,6/5/2018,9_1,mowing,future,Tra_ori,1,1,65,,,,,,,,,
2018,6/5/2018,9_1,mowing,future,Tra_ori,2,1,90,,,,,,,,,
2018,6/5/2018,9_4,grazing,future,Tra_ori,1,1,92,,,,,,,,,
2018,6/5/2018,9_4,grazing,future,Tra_ori,2,1,81,,,,,,,,,
2019,6/5/2019,1_1,mowing,ambient,Tra_ori,1,,85,,,,,,9,,,
2019,6/5/2019,1_1,mowing,ambient,Tra_ori,2,,77,,,,,maggot,7,,,
2019,6/5/2019,1_3,grazing,ambient,Tra_ori,2,,76,,,,,,12,1,,
2019,6/5/2019,10_2,mowing,ambient,Tra_ori,1,,77,,,,,,3,,,
2019,6/5/2019,10_2,mowing,ambient,Tra_ori,2,,73,,,,,,6,,,
2019,6/5/2019,2_5,mowing,future,Tra_ori,2,,93,,,,,,,1,,
2019,6/5/2019,3_4,mowing,ambient,Tra_ori,2,,45,,,,,,25,,,
2019,6/5/2019,3_4,mowing,ambient,Tra_ori,1,,46,,,,,maggot,22,,,
2019,6/5/2019,4_4,mowing,future,Tra_ori,1,,33,,,,,,34,1,,
2019,6/5/2019,4_4,mowing,future,Tra_ori,2,,82,,,,,,16,,,
2019,6/5/2019,5_5,mowing,ambient,Tra_ori,2,,52,,,,,,19,,,
2019,6/5/2019,5_5,mowing,ambient,Tra_ori,1,,88,,,,,,7,,,
2019,6/5/2019,6_3,mowing,future,Tra_ori,1,,48,,,,,maggot,13,,,
2019,6/5/2019,6_3,mowing,future,Tra_ori,2,,91,,,,,,4,,,
2019,6/5/2019,7_2,mowing,future,Tra_ori,1,,71,,,,,,7,,,
2019,6/5/2019,7_2,mowing,future,Tra_ori,2,,73,,,,,,15,,,
2019,6/5/2019,7_3,grazing,future,Tra_ori,1,,59,,,,,edge,18,,,
2019,6/5/2019,8_3,mowing,ambient,Tra_ori,1,,84,,,,,,17,,,
2019,6/5/2019,8_3,mowing,ambient,Tra_ori,2,,88,,,,,,3,,,
2019,6/5/2019,9_1,mowing,future,Tra_ori,1,,21,,,,,,41,,,
2019,6/5/2019,9_1,mowing,future,Tra_ori,2,,63,,,,,magot,11,,,
2020,6/3/2020,1_1,mowing,ambient,Tra_ori,1,,102,,,,,,,,,
2020,6/3/2020,1_1,mowing,ambient,Tra_ori,2,,104,,,,,,,,,
2020,6/3/2020,2_5,mowing,future,Tra_ori,1,,84,,,,,,,,,
2020,6/3/2020,2_5,mowing,future,Tra_ori,2,,55,,,,,,,,,
2020,6/2/2020,3_4,mowing,ambient,Tra_ori,2,,57,,,,,,,,,
2020,6/2/2020,3_4,mowing,ambient,Tra_ori,1,,95,,,,,,,,,
2020,6/2/2020,4_4,mowing,future,Tra_ori,1,,77,,,,,,,,,
2020,6/2/2020,4_4,mowing,future,Tra_ori,2,,83,,,,,,,,,
2020,6/2/2020,5_5,mowing,ambient,Tra_ori,1,,72,,,,,,,,,
2020,6/2/2020,5_5,mowing,ambient,Tra_ori,2,,100,,,,,,,,,
2020,6/2/2020,6_3,mowing,future,Tra_ori,1,,49,,,,,,,,,
2020,6/2/2020,6_3,mowing,future,Tra_ori,2,,78,,,,,,,,,
2020,6/2/2020,7_2,mowing,future,Tra_ori,1,,101,,,,,,,,,
2020,6/2/2020,7_2,mowing,future,Tra_ori,2,,69,,,,,,,,,
2020,6/2/2020,8_3,mowing,ambient,Tra_ori,1,,106,,,,,,,,,
2020,6/2/2020,8_3,mowing,ambient,Tra_ori,2,,46,,,,,,,,,
2020,6/2/2020,9_1,mowing,future,Tra_ori,1,,82,,,,,,,,,
2020,6/2/2020,9_1,mowing,future,Tra_ori,2,,58,,,,,,,,,
2020,6/2/2020,10_2,mowing,ambient,Tra_ori,1,,64,,,,,,,,,
2020,6/2/2020,10_2,mowing,ambient,Tra_ori,2,,60,,,,,,,,,
2020,8/10/2020,6_3,mowing,future,Tra_ori,1,,47,,,,,,,,,
2020,8/10/2020,6_3,mowing,future,Tra_ori,2,,32,,,,,,,,,
2020,8/10/2020,5_5,mowing,ambient,Tra_ori,2,,32,,,,,,,,,
2020,8/10/2020,5_5,mowing,ambient,Tra_ori,1,,45,,,,,,,,,
2020,8/11/2020,2_5,mowing,future,Tra_ori,1,,41,,,,,,,,,
2020,8/11/2020,2_5,mowing,future,Tra_ori,2,,34,,,,,,,,,
2020,8/11/2020,1_1,mowing,ambient,Tra_ori,1,,40,,,,,,,,,
2020,8/11/2020,1_1,mowing,ambient,Tra_ori,2,,41,,,,,,,,,
2020,8/11/2020,3_4,mowing,ambient,Tra_ori,1,,31,,,,,,,,,
2020,8/11/2020,3_4,mowing,ambient,Tra_ori,2,,38,,,,,,,,,
2020,8/11/2020,5_4,grazing,ambient,Tra_ori,1,,51,,,,,,,,,
2020,8/11/2020,5_4,grazing,ambient,Tra_ori,2,,43,,,,,,,,,
2020,6/9/2020,1_3,grazing,ambient,Tra_ori,1,,95,,,,,An der Wetterstation,,,,
2020,6/9/2020,1_3,grazing,ambient,Tra_ori,2,,75,,,,,Am Rand an der Wetterstation,,,,
2020,6/9/2020,4_5,grazing,future,Tra_ori,1,,73,,,,,An der Wetterstation,,,,
2020,6/9/2020,4_5,grazing,future,Tra_ori,2,,66,,,,,An der Wetterstation,,,,
2020,6/9/2020,10_1,grazing,ambient,Tra_ori,1,,77,,,,,Am Rand an der Wetterstation,,,,
2020,8/11/2020,10_2,mowing,ambient,Tra_ori,2,,35,,,,,,,,,
2020,8/11/2020,9_1,mowing,future,Tra_ori,2,,37,,,,,,,,,
2020,8/11/2020,10_2,mowing,ambient,Tra_ori,3,,31,,,,,to be used instead of no 2,,,,
2020,8/11/2020,9_1,mowing,future,Tra_ori,1,,26,,,,,,,,,
2020,8/11/2020,10_2,mowing,ambient,Tra_ori,1,,33,,,,,,,,,
2021,6/9/2021,1_1,mowing,ambient,Tra_ori,2,,51,16,,1,0,,,,date is like that for 2021: m/d/yyyy,
2021,6/9/2021,1_1,mowing,ambient,Tra_ori,1,,43,34,,1,0,,,,,
2021,8/18/2021,1_1,mowing,ambient,Tra_ori,1,,31,14,,0,1,,,,,
2021,8/18/2021,1_1,mowing,ambient,Tra_ori,2,,37,9,,0,1,,,,,
2021,8/18/2021,10_1,grazing,ambient,Tra_ori,1,,22,23,,0,1,,,,,
2021,6/9/2021,10_2,mowing,ambient,Tra_ori,1,,58,9,,1,1,,,,,
2021,6/9/2021,10_2,mowing,ambient,Tra_ori,2,,30,63,,1,0,lost one,,,,
2021,8/18/2021,10_2,mowing,ambient,Tra_ori,2,,27,16,,0,1,,,,,
2021,8/18/2021,10_2,mowing,ambient,Tra_ori,2,,27,20,,0,1,,,,,
2021,6/9/2021,2_5,mowing,future,Tra_ori,1,,59,27,,1,1,,,,,
2021,6/9/2021,2_5,mowing,future,Tra_ori,2,,30,43,,1,0,,,,,
2021,8/18/2021,2_5,mowing,future,Tra_ori,1,,31,31,,0,1,,,,,
2021,8/18/2021,2_5,mowing,future,Tra_ori,2,,17,23,,0,1,,,,,
2021,6/9/2021,3_4,mowing,ambient,Tra_ori,2,,88,8,,1,1,,,,,
2021,6/9/2021,3_4,mowing,ambient,Tra_ori,1,,42,48,,1,0,,,,,
2021,8/18/2021,3_4,grazing,ambient,Tra_ori,2,,46,2,,0,1,,,,,
2021,8/18/2021,3_4,mowing,ambient,Tra_ori,1,,41,6,,0,1,,,,,
2021,6/9/2021,4_4,mowing,future,Tra_ori,1,,62,37,,1,1,,,,,
2021,6/9/2021,4_4,mowing,future,Tra_ori,2,,8,75,,1,0,,,,,
2021,8/18/2021,4_4,mowing,future,Tra_ori,1,,25,7,,0,1,,,,,
2021,8/18/2021,4_4,mowing,future,Tra_ori,2,,8,25,,0,0,unripe ,,,,
2021,6/9/2021,5_5,mowing,ambient,Tra_ori,1,,53,19,,1,0,,,,,
2021,6/9/2021,5_5,mowing,ambient,Tra_ori,2,,49,38,,1,0,,,,,
2021,8/18/2021,5_5,mowing,ambient,Tra_ori,1,,3,41,,0,0,unripe,,,,
2021,8/18/2021,5_5,mowing,ambient,Tra_ori,2,,9,43,,0,0,unripe,,,,
2021,6/9/2021,6_3,mowing,future,Tra_ori,2,,77,12,,0,1,,,,,
2021,6/9/2021,6_3,mowing,future,Tra_ori,1,,30,34,,1,0,,,,,
2021,8/18/2021,6_3,mowing,future,Tra_ori,1,,24,32,,0,1,,,,,
2021,6/9/2021,7_2,mowing,future,Tra_ori,2,,48,29,,1,1,,,,,
2021,6/9/2021,7_2,mowing,future,Tra_ori,1,,36,5,,1,0,,,,,
2021,8/18/2021,7_2,mowing,future,Tra_ori,1,,35,19,,0,1,,,,,
2021,6/9/2021,8_3,mowing,ambient,Tra_ori,1,,57,16,,1,0,,,,,
2021,6/9/2021,8_3,mowing,ambient,Tra_ori,2,,32,61,,1,0,,,,,
2021,8/18/2021,8_3,mowing,ambient,Tra_ori,1,,42,2,,0,1,,,,,
2021,8/18/2021,8_3,mowing,ambient,Tra_ori,2,,46,7,,0,1,,,,,
2021,6/9/2021,9_1,mowing,future,Tra_ori,1,,25,34,,1,0,,,,,
2021,6/9/2021,9_1,mowing,future,Tra_ori,2,,22,26,,1,0,,,,,
2021,8/18/2021,9_1,mowing,future,Tra_ori,2,,23,14,,0,1,,,,,
2021,8/18/2021,9_1,mowing,future,Tra_ori,1,,4,26,,0,0,,,,,
2022,6/1/2022,10_2,mowing,ambient,Tra_ori,2,,67,10,,0,1,,,,,
2022,6/1/2022,2_5,mowing,future,Tra_ori,1,,11,49,,1,0,insect in paper bag,,,,
2022,6/1/2022,2_5,mowing,future,Tra_ori,2,,49,0,,1,0,I would guess all are unviable but what ever,,,,
2022,6/1/2022,7_2,mowing,future,Tra_ori,2,,83,7,,1,1,,,,,
2022,6/1/2022,7_2,mowing,future,Tra_ori,1,,82,6,,1,1,,,,,
2022,6/1/2022,8_2,grazing,ambient,Tra_ori,1,,0,22,,1,0,entirly eaten insect still in paper bag,,,,
2022,6/1/2022,9_4,grazing,future,Tra_ori,1,,0,42,,1,0,,,,,
2022,6/1/2022,10_2,mowing,ambient,Tra_ori,1,,42,20,,1,0,,,,,
2022,6/1/2022,3_5,grazing,ambient,Tra_ori,1,,66,27,,0,1,,,,,
2022,6/1/2022,1_1,mowing,ambient,Tra_ori,1,,31,24,,1,1,,,,,
2022,6/1/2022,3_5,grazing,ambient,Tra_ori,2,,114,23,,0,1,,,,,
2022,6/1/2022,3_4,mowing,ambient,Tra_ori,1,,93,8,,1,1,,,,,
2022,6/1/2022,3_4,mowing,ambient,Tra_ori,2,,109,5,,1,1,,,,,
2022,6/1/2022,1_1,mowing,ambient,Tra_ori,2,,99,3,,1,1,,,,,
2022,6/1/2022,5_5,mowing,ambient,Tra_ori,2,,52,47,,1,1,,,,,
2022,6/1/2022,9_1,mowing,future,Tra_ori,1,,77,9,,1,1,,,,,
2022,6/1/2022,5_5,mowing,ambient,Tra_ori,2,,52,3,,1,1,,,,,
2022,6/1/2022,6_3,mowing,future,Tra_ori,2,,0,54,,1,0,,,,,
2022,6/1/2022,10_1,grazing,ambient,Tra_ori,1,,53,9,,1,1,,,,,
2022,6/1/2022,4_4,mowing,future,Tra_ori,1,,40,78,,1,1,,,,,
2022,6/1/2022,6_3,mowing,future,Tra_ori,1,,54,14,,1,1,,,,,
2022,6/1/2022,8_3,mowing,ambient,Tra_ori,1,,77,0,,1,1,,,,,
2022,6/1/2022,8_3,mowing,ambient,Tra_ori,2,,70,15,,1,1,,,,,
2022,6/1/2022,5_5,mowing,ambient,Tra_ori,1,,59,0,,1,1,I think all are unviable ,,,,
2018,6/5/2018,1_1,mowing,ambient,Tri_pra,2,1,78,,,,,,,,,
2018,6/5/2018,1_1,mowing,ambient,Tri_pra,1,1,134,,,,,,,,,
2018,6/5/2018,1_3,grazing,ambient,Tri_pra,1,1,95,,,,,,,,,
2018,6/5/2018,1_3,grazing,ambient,Tri_pra,2,1,70,,,,,,,,,
2018,6/5/2018,10_1,grazing,ambient,Tri_pra,1,1,55,,,,,,,,,
2018,6/5/2018,10_1,grazing,ambient,Tri_pra,2,1,49,,,,,,,,,
2018,6/5/2018,10_2,mowing,ambient,Tri_pra,2,1,105,,,,,,,,,
2018,6/5/2018,10_2,mowing,ambient,Tri_pra,1,1,62,,,,,,,,,
2018,6/5/2018,2_2,grazing,future,Tri_pra,2,1,51,,,,,,,,,
2018,6/5/2018,2_2,grazing,future,Tri_pra,1,1,48,,,,,,,,,
2018,6/5/2018,2_5,mowing,future,Tri_pra,2,1,107,,,,,,,,,
2018,6/5/2018,2_5,mowing,future,Tri_pra,1,1,114,,,,,,,,,
2018,6/5/2018,3_4,mowing,ambient,Tri_pra,2,1,127,,,,,,,,,
2018,6/5/2018,3_4,mowing,ambient,Tri_pra,1,1,95,,,,,,,,,
2018,6/5/2018,3_5,grazing,ambient,Tri_pra,2,1,59,,,,,,,,,
2018,6/5/2018,3_5,grazing,ambient,Tri_pra,1,1,70,,,,,,,,,
2018,6/5/2018,4_4,mowing,future,Tri_pra,1,1,100,,,,,,,,,
2018,6/5/2018,4_4,mowing,future,Tri_pra,2,1,112,,,,,,,,,
2018,6/5/2018,4_5,grazing,future,Tri_pra,1,1,69,,,,,,,,,
2018,6/5/2018,4_5,grazing,future,Tri_pra,2,1,102,,,,,,,,,
2018,6/5/2018,5_4,grazing,ambient,Tri_pra,1,1,84,,,,,,,,,
2018,6/5/2018,5_4,grazing,ambient,Tri_pra,2,1,76,,,,,,,,,
2018,6/5/2018,5_5,mowing,ambient,Tri_pra,1,1,106,,,,,,,,,
2018,6/5/2018,5_5,mowing,ambient,Tri_pra,2,1,114,,,,,,,,,
2018,6/5/2018,6_1,grazing,future,Tri_pra,2,1,84,,,,,,,,,
2018,6/5/2018,6_1,grazing,future,Tri_pra,1,1,72,,,,,,,,,
2018,6/5/2018,6_3,mowing,future,Tri_pra,1,1,96,,,,,,,,,
2018,6/5/2018,6_3,mowing,future,Tri_pra,2,1,66,,,,,,,,,
2018,6/5/2018,7_2,mowing,future,Tri_pra,1,1,82,,,,,,,,,
2018,6/5/2018,7_2,mowing,future,Tri_pra,2,1,81,,,,,,,,,
2018,6/5/2018,7_3,grazing,future,Tri_pra,2,1,55,,,,,,,,,
2018,6/5/2018,7_3,grazing,future,Tri_pra,1,1,71,,,,,,,,,
2018,6/5/2018,8_2,grazing,ambient,Tri_pra,2,1,67,,,,,,,,,
2018,6/5/2018,8_2,grazing,ambient,Tri_pra,1,1,79,,,,,,,,,
2018,6/5/2018,8_3,mowing,ambient,Tri_pra,2,1,46,,,,,,,,,
2018,6/5/2018,8_3,mowing,ambient,Tri_pra,1,1,84,,,,,,,,,
2018,6/5/2018,9_1,mowing,future,Tri_pra,2,1,91,,,,,,,,,
2018,6/5/2018,9_1,mowing,future,Tri_pra,2,2,41,,,,,,,,,
2018,6/5/2018,9_1,mowing,future,Tri_pra,1,1,83,,,,,,,,,
2018,6/5/2018,9_4,grazing,future,Tri_pra,2,1,46,,,,,,,,,
2018,6/5/2018,9_4,grazing,future,Tri_pra,1,1,69,,,,,,,,,
2019,6/5/2019,7_2,mowing,future,Tri_pra,3,,45,,,,,,11,,,
2019,6/5/2019,7_2,mowing,future,Tri_pra,1,,35,,,,,edge,,,,
2020,6/3/2020,1_1,mowing,ambient,Tri_pra,1,,86,,,,,,,,,
2020,6/3/2020,1_1,mowing,ambient,Tri_pra,2,,66,,,,,,,,,
2020,6/3/2020,2_5,mowing,future,Tri_pra,1,,53,,,,,,,,,
2020,6/3/2020,2_5,mowing,future,Tri_pra,2,,76,,,,,,,,,
2020,6/2/2020,3_4,mowing,ambient,Tri_pra,2,,40,,,,,,,,,
2020,6/2/2020,3_4,mowing,ambient,Tri_pra,1,,51,,,,,,,,,
2020,6/2/2020,4_4,mowing,future,Tri_pra,,,64,,,,,,,,,
2020,6/2/2020,5_5,mowing,ambient,Tri_pra,,,83,,,,,,,,,
2020,6/2/2020,6_3,mowing,future,Tri_pra,1,,51,,,,,,,,,
2020,6/2/2020,6_3,mowing,future,Tri_pra,2,,51,,,,,,,,,
2020,6/2/2020,7_2,mowing,future,Tri_pra,1,,74,,,,,,,,,
2020,6/2/2020,7_2,mowing,future,Tri_pra,2,,68,,,,,,,,,
2020,6/9/2020,1_3,grazing,ambient,Tri_pra,1,,97,,,,,An der Wetterstation,,,,
2020,6/9/2020,1_3,grazing,ambient,Tri_pra,2,,94,,,,,An der Wetterstation,,,,
2020,6/9/2020,5_4,grazing,ambient,Tri_pra,1,,44,,,,,,,,,
2020,6/9/2020,5_4,grazing,ambient,Tri_pra,2,,46,,,,,An der Wetterstation,,,,
2020,6/9/2020,8_2,grazing,ambient,Tri_pra,1,,35,,,,,An der Wetterstation,,,,
2020,6/9/2020,8_2,grazing,ambient,Tri_pra,2,,58,,,,,An der Wetterstation,,,,
2019,8/16/2019,2_5,mowing,future,Sca_och,1,,47,,,,,,,,,sind aus den exclosuren
2019,8/12/2019,4_4,mowing,future,Sca_och,1,,42,,,,,,,,,sind aus den exclosuren
2019,8/16/2019,5_5,mowing,ambient,Sca_och,1,,50,,,,,,,,,sind aus den exclosuren
2019,8/16/2019,5_5,mowing,ambient,Sca_och,2,,41,,,,,,,,,sind aus den exclosuren
2019,7/21/2019,1_1,mowing,ambient,Dia_car,,,40,,,,,,,,,
2019,7/21/2019,1_1,mowing,ambient,Dia_car,,,52,,,,,,,,,
2019,7/21/2019,10_2,mowing,ambient,Dia_car,,,29,,,,,,,,,
2019,7/21/2019,10_2,mowing,ambient,Dia_car,,,34,,,,,,,,,
2019,7/21/2019,10_2,mowing,ambient,Dia_car,,,57,,,,,,,,,
2019,7/21/2019,10_2,mowing,ambient,Dia_car,,,53,,,,,,,,,
2019,7/21/2019,10_2,mowing,ambient,Dia_car,,,40,,,,,,,,,
2019,7/21/2019,2_5,mowing,future,Dia_car,,,33,,,,,,,,,
2019,7/21/2019,2_5,mowing,future,Dia_car,,,25,,,,,,,,,
2019,7/21/2019,2_5,mowing,future,Dia_car,,,46,,,,,,,,,
2019,7/21/2019,2_5,mowing,future,Dia_car,,,56,,,,,,,,,
2019,7/21/2019,2_5,mowing,future,Dia_car,,,57,,,,,,,,,
2019,7/21/2019,4_4,mowing,future,Dia_car,,,28,,,,,,,,,
2019,7/21/2019,4_4,mowing,future,Dia_car,,,32,,,,,,,,,
2019,7/21/2019,4_4,mowing,future,Dia_car,,,22,,,,,,,,,
2019,7/21/2019,4_4,mowing,future,Dia_car,,,41,,,,,,,,,
2019,7/21/2019,4_4,mowing,future,Dia_car,,,18,,,,,,,,,
2019,7/21/2019,4_4,mowing,future,Dia_car,,,42,,,,,,,,,
2019,7/21/2019,4_4,mowing,future,Dia_car,,,34,,,,,,,,,
2019,7/21/2019,5_5,mowing,ambient,Dia_car,,,46,,,,,,,,,
2019,7/21/2019,7_2,mowing,future,Dia_car,,,40,,,,,,,,,
2019,7/21/2019,8_3,mowing,ambient,Dia_car,,,57,,,,,,,,,
2019,7/21/2019,8_3,mowing,ambient,Dia_car,,,56,,,,,,,,,
2019,7/21/2019,8_3,mowing,ambient,Dia_car,,,48,,,,,,,,,
2019,7/21/2019,9_1,mowing,future,Dia_car,,,6,,,,,,,,,
2019,7/21/2019,9_1,mowing,future,Dia_car,,,48,,,,,,,,,
2019,7/21/2019,9_1,mowing,future,Dia_car,,,22,,,,,,,,,
2019,7/21/2019,9_1,mowing,future,Dia_car,,,27,,,,,,,,,
2019,7/21/2019,9_1,mowing,future,Dia_car,,,30,,,,,,,,,
